metric,events,condition,loss,mean,candidate_sd,eligible,targets,candidates_per_target
event-cosine,1,joint,waveform_l1,0.04146535488981133,0.6624866286368283,1024,1,1024
event-cosine,1,joint,waveform_mse,-0.01257216139857644,0.6456182450621207,1024,1,1024
event-cosine,1,joint,single_stft,0.12162133500749572,0.6993309512309944,1024,1,1024
event-cosine,1,joint,linear_mss,0.09960075827752479,0.6911875695147376,1024,1,1024
event-cosine,1,joint,smooth_mss,0.11892468269271454,0.6655413138462924,1024,1,1024
event-cosine,1,joint,sot_published_composite,0.019781879911625153,0.6609462857073114,1024,1,1024
event-cosine,1,joint,linear_jtfot,0.26180753905228077,0.5963287266474994,1024,1,1024
event-cosine,1,joint,log_jtfot,0.30771115832609996,0.635176431790525,1024,1,1024
event-cosine,1,joint,bidirectional_cumulative_energy,0.8443148526469668,0.20978792580326247,1024,1,1024
event-cosine,1,joint,log_quadrature_bicul,0.8484806403050696,0.20690236549243035,1024,1,1024
event-cosine,1,joint,fading,0.7546691974727201,0.2644893140535459,1024,1,1024
phrase-descent,1,joint,waveform_l1,0.548828125,0.4978532543864967,1024,1,1024
phrase-descent,1,joint,waveform_mse,0.49609375,0.5002290531065219,1024,1,1024
phrase-descent,1,joint,single_stft,0.57421875,0.4947025084305792,1024,1,1024
phrase-descent,1,joint,linear_mss,0.5791015625,0.4939445370750203,1024,1,1024
phrase-descent,1,joint,smooth_mss,0.583984375,0.4931370085863934,1024,1,1024
phrase-descent,1,joint,sot_published_composite,0.5068359375,0.5001975645239773,1024,1,1024
phrase-descent,1,joint,linear_jtfot,0.6591796875,0.47421665709522365,1024,1,1024
phrase-descent,1,joint,log_jtfot,0.681640625,0.4660673890059453,1024,1,1024
phrase-descent,1,joint,bidirectional_cumulative_energy,0.9814453125,0.13501189599482447,1024,1,1024
phrase-descent,1,joint,log_quadrature_bicul,0.9814453125,0.13501189599482447,1024,1,1024
phrase-descent,1,joint,fading,0.978515625,0.14506325094314393,1024,1,1024
phrase-cosine,1,joint,waveform_l1,0.04146535488981133,0.6624866286368283,1024,1,1024
phrase-cosine,1,joint,waveform_mse,-0.01257216139857644,0.6456182450621207,1024,1,1024
phrase-cosine,1,joint,single_stft,0.12162133500749572,0.6993309512309944,1024,1,1024
phrase-cosine,1,joint,linear_mss,0.09960075827752479,0.6911875695147376,1024,1,1024
phrase-cosine,1,joint,smooth_mss,0.11892468269271454,0.6655413138462924,1024,1,1024
phrase-cosine,1,joint,sot_published_composite,0.019781879911625153,0.6609462857073114,1024,1,1024
phrase-cosine,1,joint,linear_jtfot,0.26180753905228077,0.5963287266474994,1024,1,1024
phrase-cosine,1,joint,log_jtfot,0.30771115832609996,0.635176431790525,1024,1,1024
phrase-cosine,1,joint,bidirectional_cumulative_energy,0.8443148526469668,0.20978792580326247,1024,1,1024
phrase-cosine,1,joint,log_quadrature_bicul,0.8484806403050696,0.20690236549243035,1024,1,1024
phrase-cosine,1,joint,fading,0.7546691974727201,0.2644893140535459,1024,1,1024
event-cosine,2,pitch,waveform_l1,0.030408523832712617,0.2809158336451316,16384,32,512
event-cosine,2,pitch,waveform_mse,0.031651797420065894,0.28464633795994404,16384,32,512
event-cosine,2,pitch,single_stft,0.23534761567707108,0.42766059411859453,16384,32,512
event-cosine,2,pitch,linear_mss,0.1437128150982455,0.35311860694322467,16384,32,512
event-cosine,2,pitch,smooth_mss,0.18157469877848612,0.3269548537030065,16384,32,512
event-cosine,2,pitch,sot_published_composite,-0.001229182298708483,0.24211829240662297,16384,32,512
event-cosine,2,pitch,linear_jtfot,0.09565097186815424,0.28242813952712587,16384,32,512
event-cosine,2,pitch,log_jtfot,0.14527954097653484,0.3004575638168823,16384,32,512
event-cosine,2,pitch,bidirectional_cumulative_energy,0.48644939420964506,0.34080006859515755,16384,32,512
event-cosine,2,pitch,log_quadrature_bicul,0.5002984823831971,0.3392487632796019,16384,32,512
event-cosine,2,pitch,fading,0.5337029180590778,0.291980127253544,16384,32,512
phrase-descent,2,pitch,waveform_l1,0.62811279296875,0.48332325639666357,16384,32,512
phrase-descent,2,pitch,waveform_mse,0.599853515625,0.4899427788383975,16384,32,512
phrase-descent,2,pitch,single_stft,0.68267822265625,0.46544805267477923,16384,32,512
phrase-descent,2,pitch,linear_mss,0.71441650390625,0.45170567446605053,16384,32,512
phrase-descent,2,pitch,smooth_mss,0.81024169921875,0.39212175762039764,16384,32,512
phrase-descent,2,pitch,sot_published_composite,0.77362060546875,0.41850024385891016,16384,32,512
phrase-descent,2,pitch,linear_jtfot,0.7724609375,0.4192562057238583,16384,32,512
phrase-descent,2,pitch,log_jtfot,0.79974365234375,0.4002043459096933,16384,32,512
phrase-descent,2,pitch,bidirectional_cumulative_energy,0.9423828125,0.23302523781781675,16384,32,512
phrase-descent,2,pitch,log_quadrature_bicul,0.94708251953125,0.22387559006890434,16384,32,512
phrase-descent,2,pitch,fading,0.93804931640625,0.24107331568658832,16384,32,512
phrase-cosine,2,pitch,waveform_l1,0.024775829749115144,0.23835963726591106,16384,32,512
phrase-cosine,2,pitch,waveform_mse,0.023980859749966985,0.2435357960972451,16384,32,512
phrase-cosine,2,pitch,single_stft,0.1453258032139567,0.3716669763754651,16384,32,512
phrase-cosine,2,pitch,linear_mss,0.09654824186958018,0.30292774442853726,16384,32,512
phrase-cosine,2,pitch,smooth_mss,0.12331625878395709,0.2783002223532783,16384,32,512
phrase-cosine,2,pitch,sot_published_composite,-0.010338990988198769,0.21104832689071182,16384,32,512
phrase-cosine,2,pitch,linear_jtfot,0.06822224302319116,0.23607167785581018,16384,32,512
phrase-cosine,2,pitch,log_jtfot,0.12000164050049075,0.26010062716426857,16384,32,512
phrase-cosine,2,pitch,bidirectional_cumulative_energy,0.44716911571104906,0.2974311832658241,16384,32,512
phrase-cosine,2,pitch,log_quadrature_bicul,0.4627268996341083,0.29487952610806384,16384,32,512
phrase-cosine,2,pitch,fading,0.46563197654839666,0.29710768714004987,16384,32,512
event-cosine,4,pitch,waveform_l1,0.003727525443752113,0.26568874230557044,8192,32,256
event-cosine,4,pitch,waveform_mse,-0.0008619287024297338,0.2677963061721528,8192,32,256
event-cosine,4,pitch,single_stft,0.1229001511155133,0.3026784202633665,8192,32,256
event-cosine,4,pitch,linear_mss,0.06263354304556423,0.2810563287465318,8192,32,256
event-cosine,4,pitch,smooth_mss,0.09462949338559071,0.28479588775817044,8192,32,256
event-cosine,4,pitch,sot_published_composite,0.018994997644848743,0.22401078189841736,8192,32,256
event-cosine,4,pitch,linear_jtfot,0.06594683168543142,0.25077661348769353,8192,32,256
event-cosine,4,pitch,log_jtfot,0.09130846391454964,0.2581596311568241,8192,32,256
event-cosine,4,pitch,bidirectional_cumulative_energy,0.28055653016435567,0.276944569990262,8192,32,256
event-cosine,4,pitch,log_quadrature_bicul,0.29122827479146174,0.27628170305347693,8192,32,256
event-cosine,4,pitch,fading,0.3302141366812881,0.26908905261104943,8192,32,256
phrase-descent,4,pitch,waveform_l1,0.5428466796875,0.4981911874119753,8192,32,256
phrase-descent,4,pitch,waveform_mse,0.5228271484375,0.4995091380366093,8192,32,256
phrase-descent,4,pitch,single_stft,0.5872802734375,0.4923532727078788,8192,32,256
phrase-descent,4,pitch,linear_mss,0.60107421875,0.4897073374839989,8192,32,256
phrase-descent,4,pitch,smooth_mss,0.65673828125,0.47482695083656745,8192,32,256
phrase-descent,4,pitch,sot_published_composite,0.62353515625,0.48452835143017287,8192,32,256
phrase-descent,4,pitch,linear_jtfot,0.6522216796875,0.4762942920577249,8192,32,256
phrase-descent,4,pitch,log_jtfot,0.663818359375,0.47243072518749046,8192,32,256
phrase-descent,4,pitch,bidirectional_cumulative_energy,0.85546875,0.35164906175008565,8192,32,256
phrase-descent,4,pitch,log_quadrature_bicul,0.868408203125,0.3380670750110659,8192,32,256
phrase-descent,4,pitch,fading,0.8656005859375,0.3411017655973264,8192,32,256
phrase-cosine,4,pitch,waveform_l1,0.004371403602212999,0.21447701219390877,8192,32,256
phrase-cosine,4,pitch,waveform_mse,0.0016554228550738227,0.2207436640402851,8192,32,256
phrase-cosine,4,pitch,single_stft,0.03542923684957712,0.2494835212976645,8192,32,256
phrase-cosine,4,pitch,linear_mss,0.023033969509727685,0.23328596163818655,8192,32,256
phrase-cosine,4,pitch,smooth_mss,0.04421996443184843,0.2512413958796357,8192,32,256
phrase-cosine,4,pitch,sot_published_composite,0.008879270349095005,0.2117199953749971,8192,32,256
phrase-cosine,4,pitch,linear_jtfot,0.04286403321101004,0.22276012866299097,8192,32,256
phrase-cosine,4,pitch,log_jtfot,0.056202556159111156,0.2287682863546502,8192,32,256
phrase-cosine,4,pitch,bidirectional_cumulative_energy,0.2174966345702236,0.24369274793353723,8192,32,256
phrase-cosine,4,pitch,log_quadrature_bicul,0.2331091329256017,0.24230677104387086,8192,32,256
phrase-cosine,4,pitch,fading,0.24854750046396187,0.25741676659314655,8192,32,256
event-cosine,2,time,waveform_l1,0.014712933128783988,0.6536801784914527,8192,32,256
event-cosine,2,time,waveform_mse,0.026136763099588563,0.6285285563110109,8192,32,256
event-cosine,2,time,single_stft,0.27104408511620437,0.5912567003362377,8192,32,256
event-cosine,2,time,linear_mss,0.10932509509526352,0.627319917595771,8192,32,256
event-cosine,2,time,smooth_mss,0.07398000723740489,0.6478382555281574,8192,32,256
event-cosine,2,time,sot_published_composite,0.002754900002783838,0.6736962834560553,8192,32,256
event-cosine,2,time,linear_jtfot,0.2842714040347204,0.6131993141476102,8192,32,256
event-cosine,2,time,log_jtfot,0.17129609911417235,0.6295871110960404,8192,32,256
event-cosine,2,time,bidirectional_cumulative_energy,0.5496230687269834,0.50668969980513,8192,32,256
event-cosine,2,time,log_quadrature_bicul,0.553830686456209,0.5045683121422463,8192,32,256
event-cosine,2,time,fading,0.539065084115267,0.5212497455591504,8192,32,256
phrase-descent,2,time,waveform_l1,0.505615234375,0.49999898659630543,8192,32,256
phrase-descent,2,time,waveform_mse,0.501953125,0.5000267054277064,8192,32,256
phrase-descent,2,time,single_stft,0.626220703125,0.48383562331192265,8192,32,256
phrase-descent,2,time,linear_mss,0.546875,0.4978282710184535,8192,32,256
phrase-descent,2,time,smooth_mss,0.525146484375,0.4993977357051089,8192,32,256
phrase-descent,2,time,sot_published_composite,0.5052490234375,0.5000029656843054,8192,32,256
phrase-descent,2,time,linear_jtfot,0.7132568359375,0.45226816268669734,8192,32,256
phrase-descent,2,time,log_jtfot,0.630126953125,0.48279957549939806,8192,32,256
phrase-descent,2,time,bidirectional_cumulative_energy,0.8438720703125,0.3629987386069194,8192,32,256
phrase-descent,2,time,log_quadrature_bicul,0.8448486328125,0.36207101970005817,8192,32,256
phrase-descent,2,time,fading,0.8250732421875,0.37992763449619543,8192,32,256
phrase-cosine,2,time,waveform_l1,0.004529790763105287,0.5733085356175379,8192,32,256
phrase-cosine,2,time,waveform_mse,-7.852594374328195e-05,0.5594712070481686,8192,32,256
phrase-cosine,2,time,single_stft,0.16030093793017156,0.5871249315558795,8192,32,256
phrase-cosine,2,time,linear_mss,0.05564634699247313,0.6057008533055042,8192,32,256
phrase-cosine,2,time,smooth_mss,0.032846119416039085,0.6311030277991738,8192,32,256
phrase-cosine,2,time,sot_published_composite,0.004386628127012947,0.6670170699192645,8192,32,256
phrase-cosine,2,time,linear_jtfot,0.3151724693639765,0.6302685345856848,8192,32,256
phrase-cosine,2,time,log_jtfot,0.18263897160971687,0.6361453000796767,8192,32,256
phrase-cosine,2,time,bidirectional_cumulative_energy,0.516116691647237,0.507746412081197,8192,32,256
phrase-cosine,2,time,log_quadrature_bicul,0.519595940659485,0.5027319877039101,8192,32,256
phrase-cosine,2,time,fading,0.491457425365524,0.533832999071494,8192,32,256
event-cosine,4,time,waveform_l1,0.02884502904874045,0.4463902734807836,8192,32,256
event-cosine,4,time,waveform_mse,0.05350153664322527,0.43884855859690736,8192,32,256
event-cosine,4,time,single_stft,0.15099152259429766,0.4225589040611957,8192,32,256
event-cosine,4,time,linear_mss,0.09451699824681697,0.43750808405307456,8192,32,256
event-cosine,4,time,smooth_mss,0.0740433099995389,0.4400675865365328,8192,32,256
event-cosine,4,time,sot_published_composite,0.006273637174808855,0.4494232271719583,8192,32,256
event-cosine,4,time,linear_jtfot,0.1451848104502287,0.4234309430902459,8192,32,256
event-cosine,4,time,log_jtfot,0.0990680238250648,0.4295389320214796,8192,32,256
event-cosine,4,time,bidirectional_cumulative_energy,0.3226308983532623,0.3974690886891601,8192,32,256
event-cosine,4,time,log_quadrature_bicul,0.32532618488232506,0.39579738445044826,8192,32,256
event-cosine,4,time,fading,0.33865177381754386,0.3986789260086528,8192,32,256
phrase-descent,4,time,waveform_l1,0.5054931640625,0.5000003427684319,8192,32,256
phrase-descent,4,time,waveform_mse,0.503662109375,0.5000171083288104,8192,32,256
phrase-descent,4,time,single_stft,0.556396484375,0.49683958130792716,8192,32,256
phrase-descent,4,time,linear_mss,0.5479736328125,0.4977235888354583,8192,32,256
phrase-descent,4,time,smooth_mss,0.5296630859375,0.4991497923608866,8192,32,256
phrase-descent,4,time,sot_published_composite,0.499755859375,0.5000304607640903,8192,32,256
phrase-descent,4,time,linear_jtfot,0.6353759765625,0.4813539538219159,8192,32,256
phrase-descent,4,time,log_jtfot,0.587646484375,0.4922882054583437,8192,32,256
phrase-descent,4,time,bidirectional_cumulative_energy,0.7657470703125,0.4235568368973537,8192,32,256
phrase-descent,4,time,log_quadrature_bicul,0.7694091796875,0.4212366960505499,8192,32,256
phrase-descent,4,time,fading,0.7645263671875,0.42432037371695774,8192,32,256
phrase-cosine,4,time,waveform_l1,0.006355645704957076,0.3719532633151397,8192,32,256
phrase-cosine,4,time,waveform_mse,0.004722803130905721,0.3591455609283509,8192,32,256
phrase-cosine,4,time,single_stft,0.05320461821021178,0.41479520917547896,8192,32,256
phrase-cosine,4,time,linear_mss,0.03709674915853997,0.4091872804091209,8192,32,256
phrase-cosine,4,time,smooth_mss,0.030947683563104587,0.4349052333710436,8192,32,256
phrase-cosine,4,time,sot_published_composite,0.0002981624582320593,0.4507064325014463,8192,32,256
phrase-cosine,4,time,linear_jtfot,0.1413455198896687,0.44231701558076214,8192,32,256
phrase-cosine,4,time,log_jtfot,0.08793509871215788,0.4364168957916939,8192,32,256
phrase-cosine,4,time,bidirectional_cumulative_energy,0.28169077727627945,0.4095452713296852,8192,32,256
phrase-cosine,4,time,log_quadrature_bicul,0.2878872158292488,0.4075722227385923,8192,32,256
phrase-cosine,4,time,fading,0.2871471730198152,0.4161766239215862,8192,32,256
event-cosine,2,joint,waveform_l1,0.022609009231462935,0.4680315712986343,16384,32,512
event-cosine,2,joint,waveform_mse,0.023072275613308574,0.46039806203530115,16384,32,512
event-cosine,2,joint,single_stft,0.11054273144569467,0.48114101311168433,16384,32,512
event-cosine,2,joint,linear_mss,0.10086284653778443,0.4748801146412731,16384,32,512
event-cosine,2,joint,smooth_mss,0.10133934332615951,0.46592886536815387,16384,32,512
event-cosine,2,joint,sot_published_composite,0.0068461390914811154,0.4667835397230765,16384,32,512
event-cosine,2,joint,linear_jtfot,0.17890574458309938,0.4512694408277783,16384,32,512
event-cosine,2,joint,log_jtfot,0.16624378646830001,0.45826002709700214,16384,32,512
event-cosine,2,joint,bidirectional_cumulative_energy,0.5093807743893941,0.39117702382340824,16384,32,512
event-cosine,2,joint,log_quadrature_bicul,0.5152155081813303,0.3908147363822647,16384,32,512
event-cosine,2,joint,fading,0.4581077169701347,0.39824945096219677,16384,32,512
phrase-descent,2,joint,waveform_l1,0.5174560546875,0.499710443432791,16384,32,512
phrase-descent,2,joint,waveform_mse,0.52520751953125,0.49937941677071135,16384,32,512
phrase-descent,2,joint,single_stft,0.5762939453125,0.4941600331229165,16384,32,512
phrase-descent,2,joint,linear_mss,0.58038330078125,0.49351128687674584,16384,32,512
phrase-descent,2,joint,smooth_mss,0.57452392578125,0.494430081212606,16384,32,512
phrase-descent,2,joint,sot_published_composite,0.50250244140625,0.5000089970442649,16384,32,512
phrase-descent,2,joint,linear_jtfot,0.6591796875,0.47399951497243503,16384,32,512
phrase-descent,2,joint,log_jtfot,0.6357421875,0.4812361099858302,16384,32,512
phrase-descent,2,joint,bidirectional_cumulative_energy,0.8599853515625,0.3470128187625703,16384,32,512
phrase-descent,2,joint,log_quadrature_bicul,0.86492919921875,0.34180961151998446,16384,32,512
phrase-descent,2,joint,fading,0.85052490234375,0.3565670383671153,16384,32,512
phrase-cosine,2,joint,waveform_l1,0.014319719058502291,0.44218178622971266,16384,32,512
phrase-cosine,2,joint,waveform_mse,0.01600658061854165,0.41092652941836827,16384,32,512
phrase-cosine,2,joint,single_stft,0.07561803182373625,0.45716027742180826,16384,32,512
phrase-cosine,2,joint,linear_mss,0.07631439182635744,0.4660189910647301,16384,32,512
phrase-cosine,2,joint,smooth_mss,0.06795487121647319,0.45349793947950434,16384,32,512
phrase-cosine,2,joint,sot_published_composite,0.0032311008101398348,0.4394317532799409,16384,32,512
phrase-cosine,2,joint,linear_jtfot,0.16994273014172917,0.4412846242922181,16384,32,512
phrase-cosine,2,joint,log_jtfot,0.15312517933474787,0.4483595472203705,16384,32,512
phrase-cosine,2,joint,bidirectional_cumulative_energy,0.441631184918828,0.40413457370458056,16384,32,512
phrase-cosine,2,joint,log_quadrature_bicul,0.44962244010610064,0.4002203217662014,16384,32,512
phrase-cosine,2,joint,fading,0.40237341840839924,0.4020805203640867,16384,32,512
event-cosine,4,joint,waveform_l1,0.014156892302191262,0.34233042796581437,8192,32,256
event-cosine,4,joint,waveform_mse,0.03871365555775136,0.3384823342515269,8192,32,256
event-cosine,4,joint,single_stft,0.08118401042323967,0.3389677398138508,8192,32,256
event-cosine,4,joint,linear_mss,0.08162671163882752,0.33921407270211307,8192,32,256
event-cosine,4,joint,smooth_mss,0.07528531806773278,0.3408718948636416,8192,32,256
event-cosine,4,joint,sot_published_composite,0.002189886535843096,0.33703521504819056,8192,32,256
event-cosine,4,joint,linear_jtfot,0.12365269931242567,0.33206167667062714,8192,32,256
event-cosine,4,joint,log_jtfot,0.11425575661333273,0.3365212199790249,8192,32,256
event-cosine,4,joint,bidirectional_cumulative_energy,0.33845162026145525,0.3162000100597177,8192,32,256
event-cosine,4,joint,log_quadrature_bicul,0.3457657871127977,0.31513480239936464,8192,32,256
event-cosine,4,joint,fading,0.3350159923448569,0.31262231360062914,8192,32,256
phrase-descent,4,joint,waveform_l1,0.505126953125,0.5000042324285217,8192,32,256
phrase-descent,4,joint,waveform_mse,0.5137939453125,0.4998401996109102,8192,32,256
phrase-descent,4,joint,single_stft,0.5458984375,0.497919268100851,8192,32,256
phrase-descent,4,joint,linear_mss,0.5625,0.4961086518178222,8192,32,256
phrase-descent,4,joint,smooth_mss,0.554443359375,0.49705742128406544,8192,32,256
phrase-descent,4,joint,sot_published_composite,0.4959716796875,0.5000142917539544,8192,32,256
phrase-descent,4,joint,linear_jtfot,0.63525390625,0.481388272361874,8192,32,256
phrase-descent,4,joint,log_jtfot,0.598876953125,0.4901557669353057,8192,32,256
phrase-descent,4,joint,bidirectional_cumulative_energy,0.7913818359375,0.40634564294798803,8192,32,256
phrase-descent,4,joint,log_quadrature_bicul,0.799072265625,0.4007185813272443,8192,32,256
phrase-descent,4,joint,fading,0.8026123046875,0.3980516731516174,8192,32,256
phrase-cosine,4,joint,waveform_l1,0.005237388738465143,0.31362878263624877,8192,32,256
phrase-cosine,4,joint,waveform_mse,0.007036752260155455,0.2883430819096706,8192,32,256
phrase-cosine,4,joint,single_stft,0.03508054868329276,0.3168729205429688,8192,32,256
phrase-cosine,4,joint,linear_mss,0.044717990975414595,0.3268227494676291,8192,32,256
phrase-cosine,4,joint,smooth_mss,0.036612181458936716,0.3323503855631242,8192,32,256
phrase-cosine,4,joint,sot_published_composite,-0.0019101105205111858,0.328845776509241,8192,32,256
phrase-cosine,4,joint,linear_jtfot,0.10614401309245355,0.32743952785686087,8192,32,256
phrase-cosine,4,joint,log_jtfot,0.07973066416620321,0.3261193762247095,8192,32,256
phrase-cosine,4,joint,bidirectional_cumulative_energy,0.2547866844001465,0.32455810285008313,8192,32,256
phrase-cosine,4,joint,log_quadrature_bicul,0.2644120817362734,0.3232731573994322,8192,32,256
phrase-cosine,4,joint,fading,0.2633544798314904,0.32257616373282566,8192,32,256
