target_id,events,mode,variant,previously_explored,pitch_mae_cents,onset_mae_ms,joint_event_error,log_spectral_distance_db,canonical_loss,updates,stopped_by,wall_seconds,recovered
C04-T0005,4,plateau,1000hz,True,3.2139896184301646,64.44994218358514,0.06319811587760148,11.356882712627675,0.008187417945385852,923,patience,54.705930799245834,False
C04-T0005,4,plateau,2oct,True,3.547598723542687,65.32191099190594,0.06279680033487062,11.38882291657349,0.008547830636333228,555,patience,29.030743047595024,False
C04-T0005,4,plateau,4oct,True,7.618643504015468,65.95644922510013,0.06388649224244723,11.400627010027979,0.008258183547141165,300,patience,17.45484049618244,False
C04-T0005,4,fresh,1000hz,True,4.265065558504787,64.49994589482777,0.06367801421759144,11.364321305066678,0.008108379265590982,458,patience,27.064915183000267,False
C04-T0005,4,fresh,2oct,True,9.121725252507124,64.02066111403897,0.06178265898321488,11.9698823691366,0.00855530928178307,592,patience,33.722615079022944,False
C04-T0005,4,fresh,4oct,True,81.01905968217832,188.4607352881276,0.22430583069518537,12.27532399629571,0.02228106199272113,1201,patience,71.16834774054587,False
C04-T0003,4,plateau,1000hz,False,130.89096496587703,86.63783328894378,0.13034203708422598,13.13976711408197,0.024809748415362876,272,patience,15.610221778973937,False
C04-T0003,4,plateau,2oct,False,28.47984439347282,88.94215884817521,0.07990623138702166,14.621801720851629,0.02296568523967909,873,patience,40.862152175977826,False
C04-T0003,4,plateau,4oct,False,212.69943851793937,78.4227211322279,0.17751220890400846,9.376423779000726,0.03434130826877762,866,patience,41.2543159481138,False
C04-T0003,4,fresh,1000hz,False,194.13825864727494,80.2618232967468,0.17234601696791182,10.035804749722002,0.03319052620283993,624,patience,29.132921459153295,False
C04-T0003,4,fresh,2oct,False,175.97542644239377,363.56696873240776,0.31284640656261975,17.81061933134947,0.049502344382687954,1811,patience,92.49485385231674,False
C04-T0003,4,fresh,4oct,False,0.0002937660170867405,0.00014124828818379287,1.7332971079364474e-07,0.009441438970157073,3.03637257520777e-07,2278,patience,114.75502106547356,True
C04-T0007,4,plateau,1000hz,False,475.48319607392114,143.75553680772344,0.39410461486434634,10.500455699204146,0.012822284719497132,481,patience,26.636164097115397,False
C04-T0007,4,plateau,2oct,False,476.3015570412298,147.02119189024168,0.3868432235204023,13.910998458044867,0.013666815637349821,895,patience,49.711355747655034,False
C04-T0007,4,plateau,4oct,False,482.4296837765633,145.81063818930667,0.38473045271126305,13.569871715919634,0.013828321230771792,981,patience,64.37155933119357,False
C04-T0007,4,fresh,1000hz,False,203.03854919692913,7.765647351924171,0.16034548746704524,7.80790746647784,0.005922316414687608,700,patience,40.6512593049556,False
C04-T0007,4,fresh,2oct,False,268.41941087136576,4.440608177552652,0.219673990858292,5.487101757030481,0.009375146632667248,642,patience,37.288262468762696,False
C04-T0007,4,fresh,4oct,False,214.77194607537288,7.985699377951988,0.17615232744973622,5.774061017852429,0.006737369212741412,767,patience,48.68082404322922,False
C06-T0000,6,plateau,1000hz,False,184.28863696482256,119.55165361044446,0.20973360463608276,13.164944337052084,0.007873201698644134,273,patience,18.40899579040706,False
C06-T0000,6,plateau,2oct,False,204.57941803751632,111.73257313577297,0.2231440712743516,16.20486078552469,0.009341828755562198,502,patience,34.14092651195824,False
C06-T0000,6,plateau,4oct,False,220.6826179465164,118.13910981848302,0.2317793917857074,14.904913561039715,0.008078633694033272,814,patience,55.61023283936083,False
C06-T0000,6,fresh,1000hz,False,71.74460259886146,1.3083639781901006,0.04855612697685383,7.114935507128732,0.0018878606773453093,722,patience,47.535187140107155,False
C06-T0000,6,fresh,2oct,False,346.3329122814025,145.8399390919025,0.31140490699568263,18.38118620096346,0.022756393834623016,1276,patience,96.42059058509767,False
C06-T0000,6,fresh,4oct,False,167.98222042184494,30.597849948982198,0.14747049475042265,13.919477337490067,0.008875416883293605,1187,patience,77.44509192183614,False
C06-T0008,6,plateau,1000hz,False,334.4647537840919,220.17193765899333,0.2582819136245714,18.44221059208826,0.017284135316118075,504,patience,30.00144686177373,False
C06-T0008,6,plateau,2oct,False,318.594695760877,249.96464431077808,0.2920031328448523,19.40466253123196,0.023977582669857445,1436,patience,78.1692426558584,False
C06-T0008,6,plateau,4oct,False,309.2422887415731,215.13523801228396,0.25045669396870474,17.93959298401241,0.020233169225888248,1107,patience,76.1673127207905,False
C06-T0008,6,fresh,1000hz,False,95.98690905928885,201.02805905725165,0.21890343386479552,14.760024728387409,0.014719894978114661,636,patience,42.57687402702868,False
C06-T0008,6,fresh,2oct,False,291.53728243044554,177.37473998433805,0.27795513754123863,11.348295311088487,0.010674563085573121,1379,patience,78.97428910061717,False
C06-T0008,6,fresh,4oct,False,250.72366149274362,179.56413393831016,0.27036644668827214,11.428796585099686,0.010086000787942936,1326,patience,91.84299593605101,False
C08-T0000,8,plateau,1000hz,True,15.499988860752527,49.044085830449006,0.07116261750618659,15.17651803869395,0.007513849806906784,458,patience,25.277750689536333,False
C08-T0000,8,plateau,2oct,True,0.05739899905925321,0.02929783960897714,4.734413555195973e-05,0.972931822502677,3.051110591926125e-05,1662,patience,91.88172651641071,True
C08-T0000,8,plateau,4oct,True,20.186565722263616,18.46959465241016,0.02523353774942946,6.50809614386008,0.003437574960057531,1154,patience,75.11868938803673,False
C08-T0000,8,fresh,1000hz,True,0.08423116937191606,0.025081541961902154,5.4066602658940845e-05,0.9674648644345267,2.8081210284587097e-05,3000,maximum updates,191.6701906239614,True
C08-T0000,8,fresh,2oct,True,19.774956412646326,51.41000845301116,0.04282672827861253,16.18549797730781,0.009605639998868563,1198,patience,73.66376564837992,False
C08-T0000,8,fresh,4oct,True,11.598255073666019,20.76422086249974,0.025425941228885692,5.2931381710697165,0.0019918309091791716,1580,patience,95.10736186057329,False
C08-T0004,8,plateau,1000hz,False,155.90248489558198,175.04907859748562,0.221131930382361,15.304780197491775,0.01634266863934173,1081,patience,76.40201453492045,False
C08-T0004,8,plateau,2oct,False,132.89484872443202,170.34161640873202,0.19635738903501346,13.308600859774272,0.016430481391444207,1007,patience,72.16385496407747,False
C08-T0004,8,plateau,4oct,False,109.6263281455117,170.84553643283488,0.19623517401117951,14.781264673529364,0.014670371150274718,559,patience,34.847402069717646,False
C08-T0004,8,fresh,1000hz,False,199.10486203036714,303.1923218491232,0.24529002452916082,18.900707813310376,0.019062414706051724,1388,patience,99.21482674591243,False
C08-T0004,8,fresh,2oct,False,235.9794045776465,147.77629879437154,0.217259138931618,12.714407466153927,0.010231193046988898,1271,patience,87.60369875468314,False
C08-T0004,8,fresh,4oct,False,237.72111352486405,323.51742965803896,0.2953409968854918,22.402256689026753,0.024274428244591265,1625,patience,90.75582437776029,False
