events,condition,candidates_per_target,targets,loss,metric,mean,sd,median
1,joint,256,1,waveform_l1,both_directed,0.25390625,,0.25390625
1,joint,256,1,waveform_mse,both_directed,0.16796875,,0.16796875
1,joint,256,1,single_stft,both_directed,0.28515625,,0.28515625
1,joint,256,1,linear_mss,both_directed,0.30078125,,0.30078125
1,joint,256,1,smooth_mss,both_directed,0.29296875,,0.29296875
1,joint,256,1,sot_published_composite,both_directed,0.21484375,,0.21484375
1,joint,256,1,linear_jtfot,both_directed,0.484375,,0.484375
1,joint,256,1,log_jtfot,both_directed,0.52734375,,0.52734375
1,joint,256,1,bidirectional_cumulative_energy,both_directed,0.86328125,,0.86328125
1,joint,256,1,log_quadrature_bicul,both_directed,0.8515625,,0.8515625
1,joint,256,1,fading,both_directed,0.75,,0.75
1,joint,256,1,waveform_l1,pitch_directed,0.49609375,,0.49609375
1,joint,256,1,waveform_mse,pitch_directed,0.4453125,,0.4453125
1,joint,256,1,single_stft,pitch_directed,0.5234375,,0.5234375
1,joint,256,1,linear_mss,pitch_directed,0.51171875,,0.51171875
1,joint,256,1,smooth_mss,pitch_directed,0.5546875,,0.5546875
1,joint,256,1,sot_published_composite,pitch_directed,0.5234375,,0.5234375
1,joint,256,1,linear_jtfot,pitch_directed,0.71484375,,0.71484375
1,joint,256,1,log_jtfot,pitch_directed,0.86328125,,0.86328125
1,joint,256,1,bidirectional_cumulative_energy,pitch_directed,0.90625,,0.90625
1,joint,256,1,log_quadrature_bicul,pitch_directed,0.9140625,,0.9140625
1,joint,256,1,fading,pitch_directed,0.7890625,,0.7890625
1,joint,256,1,waveform_l1,time_directed,0.49609375,,0.49609375
1,joint,256,1,waveform_mse,time_directed,0.484375,,0.484375
1,joint,256,1,single_stft,time_directed,0.5703125,,0.5703125
1,joint,256,1,linear_mss,time_directed,0.54296875,,0.54296875
1,joint,256,1,smooth_mss,time_directed,0.50390625,,0.50390625
1,joint,256,1,sot_published_composite,time_directed,0.4609375,,0.4609375
1,joint,256,1,linear_jtfot,time_directed,0.6875,,0.6875
1,joint,256,1,log_jtfot,time_directed,0.609375,,0.609375
1,joint,256,1,bidirectional_cumulative_energy,time_directed,0.95703125,,0.95703125
1,joint,256,1,log_quadrature_bicul,time_directed,0.9375,,0.9375
1,joint,256,1,fading,time_directed,0.9609375,,0.9609375
1,joint,256,1,waveform_l1,dot_directed,0.5390625,,0.5390625
1,joint,256,1,waveform_mse,dot_directed,0.48828125,,0.48828125
1,joint,256,1,single_stft,dot_directed,0.5703125,,0.5703125
1,joint,256,1,linear_mss,dot_directed,0.52734375,,0.52734375
1,joint,256,1,smooth_mss,dot_directed,0.5625,,0.5625
1,joint,256,1,sot_published_composite,dot_directed,0.4609375,,0.4609375
1,joint,256,1,linear_jtfot,dot_directed,0.69921875,,0.69921875
1,joint,256,1,log_jtfot,dot_directed,0.7265625,,0.7265625
1,joint,256,1,bidirectional_cumulative_energy,dot_directed,0.98046875,,0.98046875
1,joint,256,1,log_quadrature_bicul,dot_directed,0.98046875,,0.98046875
1,joint,256,1,fading,dot_directed,0.98046875,,0.98046875
1,joint,256,1,waveform_l1,cosine,0.050438124449107925,,0.050438124449107925
1,joint,256,1,waveform_mse,cosine,-0.004318314085558079,,-0.004318314085558079
1,joint,256,1,single_stft,cosine,0.08163158705109254,,0.08163158705109254
1,joint,256,1,linear_mss,cosine,0.04816421204901675,,0.04816421204901675
1,joint,256,1,smooth_mss,cosine,0.06271493043387737,,0.06271493043387737
1,joint,256,1,sot_published_composite,cosine,-0.057618252006535205,,-0.057618252006535205
1,joint,256,1,linear_jtfot,cosine,0.3136710685409666,,0.3136710685409666
1,joint,256,1,log_jtfot,cosine,0.3536387010528885,,0.3536387010528885
1,joint,256,1,bidirectional_cumulative_energy,cosine,0.8442373839097047,,0.8442373839097047
1,joint,256,1,log_quadrature_bicul,cosine,0.8476381250952165,,0.8476381250952165
1,joint,256,1,fading,cosine,0.755818655835035,,0.755818655835035
1,joint,256,1,waveform_l1,phrase_success,0.25390625,,0.25390625
1,joint,256,1,waveform_mse,phrase_success,0.16796875,,0.16796875
1,joint,256,1,single_stft,phrase_success,0.28515625,,0.28515625
1,joint,256,1,linear_mss,phrase_success,0.30078125,,0.30078125
1,joint,256,1,smooth_mss,phrase_success,0.29296875,,0.29296875
1,joint,256,1,sot_published_composite,phrase_success,0.21484375,,0.21484375
1,joint,256,1,linear_jtfot,phrase_success,0.484375,,0.484375
1,joint,256,1,log_jtfot,phrase_success,0.52734375,,0.52734375
1,joint,256,1,bidirectional_cumulative_energy,phrase_success,0.86328125,,0.86328125
1,joint,256,1,log_quadrature_bicul,phrase_success,0.8515625,,0.8515625
1,joint,256,1,fading,phrase_success,0.75,,0.75
1,joint,256,1,waveform_l1,zero_gradient,0.0,,0.0
1,joint,256,1,waveform_mse,zero_gradient,0.0,,0.0
1,joint,256,1,single_stft,zero_gradient,0.0,,0.0
1,joint,256,1,linear_mss,zero_gradient,0.0,,0.0
1,joint,256,1,smooth_mss,zero_gradient,0.0,,0.0
1,joint,256,1,sot_published_composite,zero_gradient,0.0,,0.0
1,joint,256,1,linear_jtfot,zero_gradient,0.0,,0.0
1,joint,256,1,log_jtfot,zero_gradient,0.0,,0.0
1,joint,256,1,bidirectional_cumulative_energy,zero_gradient,0.0,,0.0
1,joint,256,1,log_quadrature_bicul,zero_gradient,0.0,,0.0
1,joint,256,1,fading,zero_gradient,0.0,,0.0
1,joint,256,1,waveform_l1,original_coordinate_drift,,,
1,joint,256,1,waveform_mse,original_coordinate_drift,,,
1,joint,256,1,single_stft,original_coordinate_drift,,,
1,joint,256,1,linear_mss,original_coordinate_drift,,,
1,joint,256,1,smooth_mss,original_coordinate_drift,,,
1,joint,256,1,sot_published_composite,original_coordinate_drift,,,
1,joint,256,1,linear_jtfot,original_coordinate_drift,,,
1,joint,256,1,log_jtfot,original_coordinate_drift,,,
1,joint,256,1,bidirectional_cumulative_energy,original_coordinate_drift,,,
1,joint,256,1,log_quadrature_bicul,original_coordinate_drift,,,
1,joint,256,1,fading,original_coordinate_drift,,,
2,pitch,256,32,waveform_l1,both_directed,0.52984619140625,0.1310085572136977,0.525390625
2,pitch,256,32,waveform_mse,both_directed,0.50238037109375,0.19718715650728347,0.4892578125
2,pitch,256,32,single_stft,both_directed,0.597900390625,0.11228811347720608,0.58203125
2,pitch,256,32,linear_mss,both_directed,0.6331787109375,0.10369845756062167,0.6298828125
2,pitch,256,32,smooth_mss,both_directed,0.709228515625,0.1283290915286919,0.7001953125
2,pitch,256,32,sot_published_composite,both_directed,0.6868896484375,0.1483300537451047,0.6982421875
2,pitch,256,32,linear_jtfot,both_directed,0.63232421875,0.08026308178974376,0.630859375
2,pitch,256,32,log_jtfot,both_directed,0.65533447265625,0.10349004502563519,0.6669921875
2,pitch,256,32,bidirectional_cumulative_energy,both_directed,0.7674560546875,0.11281638827221976,0.7421875
2,pitch,256,32,log_quadrature_bicul,both_directed,0.77655029296875,0.11466524919393085,0.748046875
2,pitch,256,32,fading,both_directed,0.83038330078125,0.11635193268776105,0.8193359375
2,pitch,256,32,waveform_l1,pitch_directed,0.5897216796875,0.11632424980665287,0.56640625
2,pitch,256,32,waveform_mse,pitch_directed,0.55438232421875,0.19703318993444174,0.5458984375
2,pitch,256,32,single_stft,pitch_directed,0.6534423828125,0.09423562884084861,0.654296875
2,pitch,256,32,linear_mss,pitch_directed,0.687744140625,0.070935839532888,0.69140625
2,pitch,256,32,smooth_mss,pitch_directed,0.774169921875,0.0838865152151902,0.7705078125
2,pitch,256,32,sot_published_composite,pitch_directed,0.7550048828125,0.1079240889346065,0.76171875
2,pitch,256,32,linear_jtfot,pitch_directed,0.70782470703125,0.06032567100544901,0.70703125
2,pitch,256,32,log_jtfot,pitch_directed,0.74530029296875,0.06270807761332088,0.748046875
2,pitch,256,32,bidirectional_cumulative_energy,pitch_directed,0.85821533203125,0.07194539885255369,0.8681640625
2,pitch,256,32,log_quadrature_bicul,pitch_directed,0.86920166015625,0.07032734703902611,0.8798828125
2,pitch,256,32,fading,pitch_directed,0.90032958984375,0.08245689955448447,0.9404296875
2,pitch,256,32,waveform_l1,time_directed,0.5414087619855584,0.20665535221742762,0.625
2,pitch,256,32,waveform_mse,time_directed,0.5642869624120385,0.25426200048973036,0.6647727272727273
2,pitch,256,32,single_stft,time_directed,0.6323723241140518,0.2363947421512694,0.59
2,pitch,256,32,linear_mss,time_directed,0.6238520948179381,0.3013455515820298,0.7604166666666666
2,pitch,256,32,smooth_mss,time_directed,0.5926862225964901,0.28069069080548265,0.7222222222222222
2,pitch,256,32,sot_published_composite,time_directed,0.5357090860341163,0.31136060578779123,0.5
2,pitch,256,32,linear_jtfot,time_directed,0.4835085451999445,0.20478768578331405,0.5
2,pitch,256,32,log_jtfot,time_directed,0.46327086005932394,0.20383678638957603,0.4473684210526316
2,pitch,256,32,bidirectional_cumulative_energy,time_directed,0.5472316247135808,0.16593123668628196,0.545045045045045
2,pitch,256,32,log_quadrature_bicul,time_directed,0.5441102544408504,0.1749824826061334,0.5405405405405406
2,pitch,256,32,fading,time_directed,0.6614250981552297,0.18322823297299057,0.6306306306306306
2,pitch,256,32,waveform_l1,dot_directed,0.59490966796875,0.11517601141160909,0.599609375
2,pitch,256,32,waveform_mse,dot_directed,0.5712890625,0.17687412283921336,0.556640625
2,pitch,256,32,single_stft,dot_directed,0.67620849609375,0.09120950657546285,0.6552734375
2,pitch,256,32,linear_mss,dot_directed,0.710205078125,0.10337198313321604,0.7138671875
2,pitch,256,32,smooth_mss,dot_directed,0.7808837890625,0.11157427325730879,0.791015625
2,pitch,256,32,sot_published_composite,dot_directed,0.74517822265625,0.13546006175511038,0.7529296875
2,pitch,256,32,linear_jtfot,dot_directed,0.69134521484375,0.06964337115372488,0.689453125
2,pitch,256,32,log_jtfot,dot_directed,0.714111328125,0.08064812685528336,0.7255859375
2,pitch,256,32,bidirectional_cumulative_energy,dot_directed,0.84124755859375,0.07089677017327377,0.8427734375
2,pitch,256,32,log_quadrature_bicul,dot_directed,0.85186767578125,0.07140674730102019,0.8544921875
2,pitch,256,32,fading,dot_directed,0.906982421875,0.0687457578362666,0.9130859375
2,pitch,256,32,waveform_l1,cosine,0.027913818709108067,0.0997946010831597,0.039635599629294804
2,pitch,256,32,waveform_mse,cosine,0.0333828999163257,0.11605473623111222,0.05309606798528199
2,pitch,256,32,single_stft,cosine,0.2321239058930326,0.1205422157829041,0.20645025510572318
2,pitch,256,32,linear_mss,cosine,0.1449621105406696,0.13540014836205494,0.14354262656306685
2,pitch,256,32,smooth_mss,cosine,0.18426155793080373,0.13036483352596528,0.1966664414292183
2,pitch,256,32,sot_published_composite,cosine,-0.002107428282262073,0.12710531597345387,0.0014421552013616132
2,pitch,256,32,linear_jtfot,cosine,0.09639300550953953,0.08377235591860964,0.09558008031631941
2,pitch,256,32,log_jtfot,cosine,0.1479150028888719,0.08820730111778904,0.13698773605981918
2,pitch,256,32,bidirectional_cumulative_energy,cosine,0.48587844302554817,0.13337706004771152,0.4853634405869852
2,pitch,256,32,log_quadrature_bicul,cosine,0.5004222828033793,0.13701673989113536,0.48328337486565076
2,pitch,256,32,fading,cosine,0.5349189577400577,0.11011442994574801,0.5375814698263337
2,pitch,256,32,waveform_l1,phrase_success,0.3011474609375,0.13850666831233907,0.287109375
2,pitch,256,32,waveform_mse,phrase_success,0.293701171875,0.20892680964973614,0.2578125
2,pitch,256,32,single_stft,phrase_success,0.388671875,0.12303537372643704,0.369140625
2,pitch,256,32,linear_mss,phrase_success,0.4293212890625,0.1157393697203965,0.41796875
2,pitch,256,32,smooth_mss,phrase_success,0.5511474609375,0.15849682258424885,0.5234375
2,pitch,256,32,sot_published_composite,phrase_success,0.5330810546875,0.17345141815328588,0.501953125
2,pitch,256,32,linear_jtfot,phrase_success,0.419189453125,0.08498971895006738,0.41796875
2,pitch,256,32,log_jtfot,phrase_success,0.4566650390625,0.1177295903381043,0.4453125
2,pitch,256,32,bidirectional_cumulative_energy,phrase_success,0.6162109375,0.16281265962626068,0.583984375
2,pitch,256,32,log_quadrature_bicul,phrase_success,0.635986328125,0.1641507943934287,0.591796875
2,pitch,256,32,fading,phrase_success,0.73681640625,0.17485826791357878,0.72265625
2,pitch,256,32,waveform_l1,zero_gradient,0.0,0.0,0.0
2,pitch,256,32,waveform_mse,zero_gradient,0.0,0.0,0.0
2,pitch,256,32,single_stft,zero_gradient,0.0,0.0,0.0
2,pitch,256,32,linear_mss,zero_gradient,0.0,0.0,0.0
2,pitch,256,32,smooth_mss,zero_gradient,0.0,0.0,0.0
2,pitch,256,32,sot_published_composite,zero_gradient,0.0,0.0,0.0
2,pitch,256,32,linear_jtfot,zero_gradient,0.0,0.0,0.0
2,pitch,256,32,log_jtfot,zero_gradient,0.0,0.0,0.0
2,pitch,256,32,bidirectional_cumulative_energy,zero_gradient,0.0,0.0,0.0
2,pitch,256,32,log_quadrature_bicul,zero_gradient,0.0,0.0,0.0
2,pitch,256,32,fading,zero_gradient,0.0,0.0,0.0
2,pitch,256,32,waveform_l1,original_coordinate_drift,0.996271307609863,0.00148649522241154,0.9967382518015915
2,pitch,256,32,waveform_mse,original_coordinate_drift,0.9979839323045249,0.0009483196593471267,0.9981098358325684
2,pitch,256,32,single_stft,original_coordinate_drift,0.7972601926739827,0.07434637959872084,0.8002684023582807
2,pitch,256,32,linear_mss,original_coordinate_drift,0.9515611093088499,0.01472210664688079,0.9534411652309326
2,pitch,256,32,smooth_mss,original_coordinate_drift,0.9639167042455572,0.01137007865633016,0.9628110096391213
2,pitch,256,32,sot_published_composite,original_coordinate_drift,0.9994888915317828,0.0017499273046807206,0.9999939195440162
2,pitch,256,32,linear_jtfot,original_coordinate_drift,0.9740043512092614,0.014249427780938967,0.9774978061543937
2,pitch,256,32,log_jtfot,original_coordinate_drift,0.9552064551938269,0.018894897030084346,0.9564004328890702
2,pitch,256,32,bidirectional_cumulative_energy,original_coordinate_drift,0.7477739203702909,0.10571358495287501,0.7600682885607568
2,pitch,256,32,log_quadrature_bicul,original_coordinate_drift,0.7313527024569726,0.11263960322344686,0.7481583989407133
2,pitch,256,32,fading,original_coordinate_drift,0.768720949631835,0.0717123292429079,0.758765142440164
4,pitch,256,32,waveform_l1,both_directed,0.42169189453125,0.06433341953684758,0.419921875
4,pitch,256,32,waveform_mse,both_directed,0.397430419921875,0.09763371853702359,0.3828125
4,pitch,256,32,single_stft,both_directed,0.485687255859375,0.05318838858206501,0.478515625
4,pitch,256,32,linear_mss,both_directed,0.50439453125,0.058079586329378964,0.50537109375
4,pitch,256,32,smooth_mss,both_directed,0.548828125,0.06762548889088976,0.54443359375
4,pitch,256,32,sot_published_composite,both_directed,0.5592041015625,0.05937905678223782,0.56396484375
4,pitch,256,32,linear_jtfot,both_directed,0.49749755859375,0.0635169873119703,0.49853515625
4,pitch,256,32,log_jtfot,both_directed,0.522979736328125,0.06949658222652048,0.51416015625
4,pitch,256,32,bidirectional_cumulative_energy,both_directed,0.607818603515625,0.0724551800337,0.58984375
4,pitch,256,32,log_quadrature_bicul,both_directed,0.616912841796875,0.07116369263955301,0.59326171875
4,pitch,256,32,fading,both_directed,0.6593017578125,0.07531723283314098,0.65234375
4,pitch,256,32,waveform_l1,pitch_directed,0.547943115234375,0.06025368383361257,0.55224609375
4,pitch,256,32,waveform_mse,pitch_directed,0.521453857421875,0.1130734405676996,0.54150390625
4,pitch,256,32,single_stft,pitch_directed,0.602783203125,0.048094283914248005,0.60546875
4,pitch,256,32,linear_mss,pitch_directed,0.632293701171875,0.038492074016329154,0.630859375
4,pitch,256,32,smooth_mss,pitch_directed,0.680816650390625,0.04073422376028588,0.671875
4,pitch,256,32,sot_published_composite,pitch_directed,0.685546875,0.06268823641419116,0.67236328125
4,pitch,256,32,linear_jtfot,pitch_directed,0.64520263671875,0.05339034263120371,0.64404296875
4,pitch,256,32,log_jtfot,pitch_directed,0.68603515625,0.04764958763252731,0.6796875
4,pitch,256,32,bidirectional_cumulative_energy,pitch_directed,0.779296875,0.06020957523391766,0.77099609375
4,pitch,256,32,log_quadrature_bicul,pitch_directed,0.79437255859375,0.06078720426762632,0.78857421875
4,pitch,256,32,fading,pitch_directed,0.820037841796875,0.06564736373423948,0.814453125
4,pitch,256,32,waveform_l1,time_directed,0.4946451432201231,0.12401466525301885,0.4846736762337785
4,pitch,256,32,waveform_mse,time_directed,0.4925595625980351,0.1399404545950224,0.4710336538461538
4,pitch,256,32,single_stft,time_directed,0.5339813637526569,0.07358555246678138,0.5307002744409953
4,pitch,256,32,linear_mss,time_directed,0.5129498927794292,0.11629337899769301,0.5039642537122376
4,pitch,256,32,smooth_mss,time_directed,0.5130069468884759,0.12967170345367005,0.5264729449472096
4,pitch,256,32,sot_published_composite,time_directed,0.5079557412287015,0.1264242464416995,0.4876443268033572
4,pitch,256,32,linear_jtfot,time_directed,0.5012987927982695,0.08464116141253128,0.506439554988662
4,pitch,256,32,log_jtfot,time_directed,0.4907106020172898,0.07193489260652255,0.5073464041160669
4,pitch,256,32,bidirectional_cumulative_energy,time_directed,0.5159827315184229,0.062105865486704756,0.5104915514592934
4,pitch,256,32,log_quadrature_bicul,time_directed,0.5067596763014416,0.06515025927614768,0.5025598032640286
4,pitch,256,32,fading,time_directed,0.5409725202469868,0.07925978763993848,0.5324814093541318
4,pitch,256,32,waveform_l1,dot_directed,0.544830322265625,0.0758847297945191,0.53662109375
4,pitch,256,32,waveform_mse,dot_directed,0.5252685546875,0.10069605781602597,0.517578125
4,pitch,256,32,single_stft,dot_directed,0.614837646484375,0.04470553744251483,0.60888671875
4,pitch,256,32,linear_mss,dot_directed,0.62786865234375,0.06256048290810298,0.63623046875
4,pitch,256,32,smooth_mss,dot_directed,0.669769287109375,0.0769790216062376,0.6728515625
4,pitch,256,32,sot_published_composite,dot_directed,0.669464111328125,0.0662541175974339,0.67041015625
4,pitch,256,32,linear_jtfot,dot_directed,0.600372314453125,0.057834746346738256,0.599609375
4,pitch,256,32,log_jtfot,dot_directed,0.622650146484375,0.060819039950403796,0.62646484375
4,pitch,256,32,bidirectional_cumulative_energy,dot_directed,0.722442626953125,0.05701509450010557,0.73291015625
4,pitch,256,32,log_quadrature_bicul,dot_directed,0.7320556640625,0.05924212316655853,0.74267578125
4,pitch,256,32,fading,dot_directed,0.77783203125,0.058699710977682056,0.7880859375
4,pitch,256,32,waveform_l1,cosine,0.0037275254437521134,0.09397743615912785,-0.0017596457988425804
4,pitch,256,32,waveform_mse,cosine,-0.0008619287024297364,0.10602707684223375,-0.007971971464958448
4,pitch,256,32,single_stft,cosine,0.12290015111551332,0.05116954573230257,0.1170215643370836
4,pitch,256,32,linear_mss,cosine,0.06263354304556423,0.08461450683401531,0.059261891735488105
4,pitch,256,32,smooth_mss,cosine,0.09462949338559073,0.09529965045323767,0.09594214038471252
4,pitch,256,32,sot_published_composite,cosine,0.018994997644848743,0.07389158586079626,0.012758484540486104
4,pitch,256,32,linear_jtfot,cosine,0.06594683168543142,0.05797832383188552,0.06167574349953399
4,pitch,256,32,log_jtfot,cosine,0.09130846391454962,0.05959648953433776,0.0998810339103638
4,pitch,256,32,bidirectional_cumulative_energy,cosine,0.2805565301643557,0.08534871326650029,0.2705385375657161
4,pitch,256,32,log_quadrature_bicul,cosine,0.29122827479146174,0.09074409850038277,0.28346191336189996
4,pitch,256,32,fading,cosine,0.3302141366812881,0.08540237862449428,0.3307486619701494
4,pitch,256,32,waveform_l1,phrase_success,0.0440673828125,0.027714479443106205,0.0390625
4,pitch,256,32,waveform_mse,phrase_success,0.0419921875,0.044648482148504476,0.0234375
4,pitch,256,32,single_stft,phrase_success,0.08056640625,0.03651941108455477,0.072265625
4,pitch,256,32,linear_mss,phrase_success,0.0908203125,0.039550878478325335,0.087890625
4,pitch,256,32,smooth_mss,phrase_success,0.1356201171875,0.04708699515511518,0.130859375
4,pitch,256,32,sot_published_composite,phrase_success,0.131591796875,0.05308382295169675,0.125
4,pitch,256,32,linear_jtfot,phrase_success,0.0697021484375,0.034443511257790806,0.06640625
4,pitch,256,32,log_jtfot,phrase_success,0.095703125,0.05056268877810766,0.083984375
4,pitch,256,32,bidirectional_cumulative_energy,phrase_success,0.1539306640625,0.0772943452645629,0.126953125
4,pitch,256,32,log_quadrature_bicul,phrase_success,0.16552734375,0.07833735001668163,0.138671875
4,pitch,256,32,fading,phrase_success,0.2332763671875,0.10128701381557932,0.21484375
4,pitch,256,32,waveform_l1,zero_gradient,0.0,0.0,0.0
4,pitch,256,32,waveform_mse,zero_gradient,0.0,0.0,0.0
4,pitch,256,32,single_stft,zero_gradient,0.0,0.0,0.0
4,pitch,256,32,linear_mss,zero_gradient,0.0,0.0,0.0
4,pitch,256,32,smooth_mss,zero_gradient,0.0,0.0,0.0
4,pitch,256,32,sot_published_composite,zero_gradient,0.0,0.0,0.0
4,pitch,256,32,linear_jtfot,zero_gradient,0.0,0.0,0.0
4,pitch,256,32,log_jtfot,zero_gradient,0.0,0.0,0.0
4,pitch,256,32,bidirectional_cumulative_energy,zero_gradient,0.0,0.0,0.0
4,pitch,256,32,log_quadrature_bicul,zero_gradient,0.0,0.0,0.0
4,pitch,256,32,fading,zero_gradient,0.0,0.0,0.0
4,pitch,256,32,waveform_l1,original_coordinate_drift,0.99849152658293,0.0005438469199536989,0.9984757473279944
4,pitch,256,32,waveform_mse,original_coordinate_drift,0.9992197686673443,0.0002723137483439242,0.9992506532893055
4,pitch,256,32,single_stft,original_coordinate_drift,0.9185052364740157,0.03284319218887421,0.9210204966309141
4,pitch,256,32,linear_mss,original_coordinate_drift,0.9804547598453447,0.004976684419896884,0.9807159168201207
4,pitch,256,32,smooth_mss,original_coordinate_drift,0.9871010270839272,0.0030569495422223853,0.9873285768233893
4,pitch,256,32,sot_published_composite,original_coordinate_drift,0.999693707159873,0.0007883928182221202,0.999990126951287
4,pitch,256,32,linear_jtfot,original_coordinate_drift,0.9851904896279801,0.008462246044691979,0.9863172535334404
4,pitch,256,32,log_jtfot,original_coordinate_drift,0.9812917882068551,0.0060911988655527015,0.9818324917617685
4,pitch,256,32,bidirectional_cumulative_energy,original_coordinate_drift,0.8969211045763256,0.04346100707208672,0.9062936717566836
4,pitch,256,32,log_quadrature_bicul,original_coordinate_drift,0.8838444341904783,0.046841832769826966,0.8997118162561205
4,pitch,256,32,fading,original_coordinate_drift,0.8891374179975966,0.045594351357292597,0.899546561772544
2,time,256,32,waveform_l1,both_directed,0.45440673828125,0.061032919565872264,0.470703125
2,time,256,32,waveform_mse,both_directed,0.4564208984375,0.06348928319343959,0.4619140625
2,time,256,32,single_stft,both_directed,0.59759521484375,0.058493875682020455,0.609375
2,time,256,32,linear_mss,both_directed,0.51507568359375,0.049259022040158355,0.509765625
2,time,256,32,smooth_mss,both_directed,0.49755859375,0.0492659304077527,0.515625
2,time,256,32,sot_published_composite,both_directed,0.45428466796875,0.05408305474298089,0.4697265625
2,time,256,32,linear_jtfot,both_directed,0.5909423828125,0.07704638721231971,0.611328125
2,time,256,32,log_jtfot,both_directed,0.53997802734375,0.04753966451602391,0.5439453125
2,time,256,32,bidirectional_cumulative_energy,both_directed,0.7354736328125,0.0973596017323499,0.7509765625
2,time,256,32,log_quadrature_bicul,both_directed,0.73773193359375,0.09545430125580964,0.7578125
2,time,256,32,fading,both_directed,0.7418212890625,0.09362316781282776,0.7529296875
2,time,256,32,waveform_l1,pitch_directed,0.5490615306640604,0.12989705611040042,0.5419660230504415
2,time,256,32,waveform_mse,pitch_directed,0.530265214219564,0.1596907322811176,0.5264628099173554
2,time,256,32,single_stft,pitch_directed,0.6162189220374111,0.17477194268773424,0.5590727816550349
2,time,256,32,linear_mss,pitch_directed,0.5502856478110353,0.1462246755535727,0.5813058035714286
2,time,256,32,smooth_mss,pitch_directed,0.6344939383638596,0.12880010758818553,0.6243106617647058
2,time,256,32,sot_published_composite,pitch_directed,0.4999560960946258,0.13991938916825655,0.502
2,time,256,32,linear_jtfot,pitch_directed,0.670108910788144,0.2387293270771064,0.7357142857142858
2,time,256,32,log_jtfot,pitch_directed,0.7027810570699797,0.17202923078900587,0.7084975369458129
2,time,256,32,bidirectional_cumulative_energy,pitch_directed,0.7600992732769183,0.30369630477102355,0.8731023622047245
2,time,256,32,log_quadrature_bicul,pitch_directed,0.7651851685966836,0.3016989685358347,0.872976377952756
2,time,256,32,fading,pitch_directed,0.7823762592372256,0.29361460226089675,0.8957142857142857
2,time,256,32,waveform_l1,time_directed,0.507080078125,0.022764996853672784,0.505859375
2,time,256,32,waveform_mse,time_directed,0.51312255859375,0.041026827312241096,0.5048828125
2,time,256,32,single_stft,time_directed,0.6409912109375,0.03659830019813185,0.634765625
2,time,256,32,linear_mss,time_directed,0.560302734375,0.029432021951832244,0.5517578125
2,time,256,32,smooth_mss,time_directed,0.53564453125,0.022717650046030536,0.5361328125
2,time,256,32,sot_published_composite,time_directed,0.50115966796875,0.019460932991581675,0.5
2,time,256,32,linear_jtfot,time_directed,0.64599609375,0.04764313096131885,0.6474609375
2,time,256,32,log_jtfot,time_directed,0.5819091796875,0.04478040679102744,0.5810546875
2,time,256,32,bidirectional_cumulative_energy,time_directed,0.79791259765625,0.08153620119474474,0.7939453125
2,time,256,32,log_quadrature_bicul,time_directed,0.79901123046875,0.08051925875625886,0.796875
2,time,256,32,fading,time_directed,0.79193115234375,0.07892886641499537,0.7919921875
2,time,256,32,waveform_l1,dot_directed,0.50909423828125,0.024174654669101726,0.505859375
2,time,256,32,waveform_mse,dot_directed,0.51214599609375,0.04248413477472432,0.5068359375
2,time,256,32,single_stft,dot_directed,0.646728515625,0.03762066204789766,0.65625
2,time,256,32,linear_mss,dot_directed,0.56304931640625,0.029320951023721384,0.5576171875
2,time,256,32,smooth_mss,dot_directed,0.54351806640625,0.03008734661983273,0.5400390625
2,time,256,32,sot_published_composite,dot_directed,0.50213623046875,0.018932085967205692,0.501953125
2,time,256,32,linear_jtfot,dot_directed,0.6558837890625,0.048593026511816094,0.6552734375
2,time,256,32,log_jtfot,dot_directed,0.59197998046875,0.049667333069189,0.5849609375
2,time,256,32,bidirectional_cumulative_energy,dot_directed,0.80816650390625,0.08004159641964752,0.80078125
2,time,256,32,log_quadrature_bicul,dot_directed,0.8109130859375,0.08025761978335612,0.8173828125
2,time,256,32,fading,dot_directed,0.79925537109375,0.07996007349829228,0.802734375
2,time,256,32,waveform_l1,cosine,0.014712933128783984,0.042795568449032845,0.011907608827029775
2,time,256,32,waveform_mse,cosine,0.026136763099588557,0.06884134862911541,0.01923784145677478
2,time,256,32,single_stft,cosine,0.27104408511620437,0.07164980616033058,0.26889708072545204
2,time,256,32,linear_mss,cosine,0.1093250950952635,0.05659280246095863,0.09018447616299381
2,time,256,32,smooth_mss,cosine,0.07398000723740489,0.04422241877012275,0.07143681446481809
2,time,256,32,sot_published_composite,cosine,0.0027549000027838376,0.03647930131013466,0.007444609513843173
2,time,256,32,linear_jtfot,cosine,0.28427140403472045,0.08913398779141313,0.2808116161862231
2,time,256,32,log_jtfot,cosine,0.17129609911417235,0.0890087802397705,0.16623537623622248
2,time,256,32,bidirectional_cumulative_energy,cosine,0.5496230687269833,0.14408026387949754,0.552868589369914
2,time,256,32,log_quadrature_bicul,cosine,0.5538306864562091,0.1447889641390791,0.5793035548653925
2,time,256,32,fading,cosine,0.539065084115267,0.1366763992082083,0.5426380841409839
2,time,256,32,waveform_l1,phrase_success,0.2152099609375,0.04079281810836578,0.21875
2,time,256,32,waveform_mse,phrase_success,0.21923828125,0.046556271063928914,0.220703125
2,time,256,32,single_stft,phrase_success,0.3687744140625,0.07474320862987317,0.37109375
2,time,256,32,linear_mss,phrase_success,0.265869140625,0.046293196124300745,0.2578125
2,time,256,32,smooth_mss,phrase_success,0.25341796875,0.04533498034540598,0.259765625
2,time,256,32,sot_published_composite,phrase_success,0.2119140625,0.04676987540030096,0.21875
2,time,256,32,linear_jtfot,phrase_success,0.367919921875,0.06916512815877308,0.376953125
2,time,256,32,log_jtfot,phrase_success,0.294921875,0.047480132995115665,0.29296875
2,time,256,32,bidirectional_cumulative_energy,phrase_success,0.5732421875,0.11259044443434525,0.58203125
2,time,256,32,log_quadrature_bicul,phrase_success,0.5767822265625,0.11067065148481792,0.5859375
2,time,256,32,fading,phrase_success,0.5850830078125,0.12312229421493055,0.591796875
2,time,256,32,waveform_l1,zero_gradient,0.0,0.0,0.0
2,time,256,32,waveform_mse,zero_gradient,0.0,0.0,0.0
2,time,256,32,single_stft,zero_gradient,0.0,0.0,0.0
2,time,256,32,linear_mss,zero_gradient,0.0,0.0,0.0
2,time,256,32,smooth_mss,zero_gradient,0.0,0.0,0.0
2,time,256,32,sot_published_composite,zero_gradient,0.0,0.0,0.0
2,time,256,32,linear_jtfot,zero_gradient,0.0,0.0,0.0
2,time,256,32,log_jtfot,zero_gradient,0.0,0.0,0.0
2,time,256,32,bidirectional_cumulative_energy,zero_gradient,0.0,0.0,0.0
2,time,256,32,log_quadrature_bicul,zero_gradient,0.0,0.0,0.0
2,time,256,32,fading,zero_gradient,0.0,0.0,0.0
2,time,256,32,waveform_l1,original_coordinate_drift,0.18118787324374513,0.05854119505733024,0.19830624291553078
2,time,256,32,waveform_mse,original_coordinate_drift,0.18734207483763377,0.04400563914312521,0.1981076498379315
2,time,256,32,single_stft,original_coordinate_drift,0.277008349999932,0.06388883143992664,0.2767560999185197
2,time,256,32,linear_mss,original_coordinate_drift,0.23349312787067047,0.03685665433644624,0.23470163665334692
2,time,256,32,smooth_mss,original_coordinate_drift,0.1760464353884837,0.06314708132597492,0.19047978585955022
2,time,256,32,sot_published_composite,original_coordinate_drift,0.004804448855834729,0.0029156978316050366,0.004532249791145559
2,time,256,32,linear_jtfot,original_coordinate_drift,0.20375763876121614,0.044851561396227764,0.2011199902568966
2,time,256,32,log_jtfot,original_coordinate_drift,0.210412977271152,0.04244280631074657,0.21793753095586732
2,time,256,32,bidirectional_cumulative_energy,original_coordinate_drift,0.28679601187621806,0.06716932483174946,0.2696201884195992
2,time,256,32,log_quadrature_bicul,original_coordinate_drift,0.2972545581384607,0.07279867385700275,0.28049622851230893
2,time,256,32,fading,original_coordinate_drift,0.24715262454786482,0.0518869828624957,0.23782346980891178
4,time,256,32,waveform_l1,both_directed,0.407958984375,0.034508873467599205,0.4052734375
4,time,256,32,waveform_mse,both_directed,0.421295166015625,0.04553665499854269,0.412109375
4,time,256,32,single_stft,both_directed,0.48175048828125,0.03357209225075351,0.48681640625
4,time,256,32,linear_mss,both_directed,0.45947265625,0.028803387437907117,0.4560546875
4,time,256,32,smooth_mss,both_directed,0.447998046875,0.024597971628334044,0.4462890625
4,time,256,32,sot_published_composite,both_directed,0.400604248046875,0.03129007477102414,0.392578125
4,time,256,32,linear_jtfot,both_directed,0.46661376953125,0.036137016071826726,0.4658203125
4,time,256,32,log_jtfot,both_directed,0.44830322265625,0.030901472755361304,0.44189453125
4,time,256,32,bidirectional_cumulative_energy,both_directed,0.553497314453125,0.059306990463375855,0.54833984375
4,time,256,32,log_quadrature_bicul,both_directed,0.555755615234375,0.05619313602842611,0.54833984375
4,time,256,32,fading,both_directed,0.56787109375,0.059293121202211994,0.57470703125
4,time,256,32,waveform_l1,pitch_directed,0.4931373994150019,0.03042860778289988,0.4936121323529412
4,time,256,32,waveform_mse,pitch_directed,0.4899871385776875,0.041346856973533484,0.48815828019018864
4,time,256,32,single_stft,pitch_directed,0.573845198141244,0.09075974686494602,0.5799558632432675
4,time,256,32,linear_mss,pitch_directed,0.5690761111611826,0.07063185184241562,0.5738758898659968
4,time,256,32,smooth_mss,pitch_directed,0.5868487231169959,0.06250006352770666,0.5644968485111932
4,time,256,32,sot_published_composite,pitch_directed,0.5204291054445711,0.046652863728278565,0.5219641452407568
4,time,256,32,linear_jtfot,pitch_directed,0.5408738589376245,0.09445275970209725,0.5576358955938698
4,time,256,32,log_jtfot,pitch_directed,0.5496679238318674,0.07578658120163714,0.5655931632567147
4,time,256,32,bidirectional_cumulative_energy,pitch_directed,0.5614197251023647,0.11329104758758499,0.5737947575465641
4,time,256,32,log_quadrature_bicul,pitch_directed,0.5696349676942122,0.11504809175671207,0.5859865885210414
4,time,256,32,fading,pitch_directed,0.585748060837019,0.11785907258317414,0.6016284935588172
4,time,256,32,waveform_l1,time_directed,0.515838623046875,0.01814941387180983,0.51611328125
4,time,256,32,waveform_mse,time_directed,0.531463623046875,0.04054241589556004,0.529296875
4,time,256,32,single_stft,time_directed,0.57733154296875,0.02502872600967634,0.572265625
4,time,256,32,linear_mss,time_directed,0.552581787109375,0.019328759714138673,0.55224609375
4,time,256,32,smooth_mss,time_directed,0.5372314453125,0.015549508123944318,0.54248046875
4,time,256,32,sot_published_composite,time_directed,0.502777099609375,0.015564061356980564,0.5048828125
4,time,256,32,linear_jtfot,time_directed,0.57696533203125,0.03595266356643173,0.57080078125
4,time,256,32,log_jtfot,time_directed,0.549560546875,0.031562473488391134,0.5400390625
4,time,256,32,bidirectional_cumulative_energy,time_directed,0.681182861328125,0.06767050314957446,0.6806640625
4,time,256,32,log_quadrature_bicul,time_directed,0.68060302734375,0.0657441576567316,0.685546875
4,time,256,32,fading,time_directed,0.68505859375,0.06040189376434153,0.6953125
4,time,256,32,waveform_l1,dot_directed,0.51727294921875,0.01860260402857652,0.5166015625
4,time,256,32,waveform_mse,dot_directed,0.5322265625,0.03803218459146999,0.529296875
4,time,256,32,single_stft,dot_directed,0.583770751953125,0.026967336395531897,0.58544921875
4,time,256,32,linear_mss,dot_directed,0.559173583984375,0.02093591099064519,0.55419921875
4,time,256,32,smooth_mss,dot_directed,0.54681396484375,0.016244601164539064,0.5478515625
4,time,256,32,sot_published_composite,dot_directed,0.50396728515625,0.015228027838951948,0.505859375
4,time,256,32,linear_jtfot,dot_directed,0.581817626953125,0.03046209990039846,0.578125
4,time,256,32,log_jtfot,dot_directed,0.556793212890625,0.029785398323935317,0.55078125
4,time,256,32,bidirectional_cumulative_energy,dot_directed,0.68927001953125,0.06398386837903225,0.70166015625
4,time,256,32,log_quadrature_bicul,dot_directed,0.691253662109375,0.06242371333389744,0.70458984375
4,time,256,32,fading,dot_directed,0.69830322265625,0.05736753375729287,0.69677734375
4,time,256,32,waveform_l1,cosine,0.028845029048740457,0.03366289408400764,0.029970055752479997
4,time,256,32,waveform_mse,cosine,0.05350153664322526,0.06773952281323246,0.05423237362128966
4,time,256,32,single_stft,cosine,0.15099152259429768,0.04732147795289915,0.1573714500790927
4,time,256,32,linear_mss,cosine,0.09451699824681696,0.036422416599556806,0.09195598694039676
4,time,256,32,smooth_mss,cosine,0.0740433099995389,0.02853182958272868,0.07773678278258916
4,time,256,32,sot_published_composite,cosine,0.006273637174808864,0.028733187463409565,0.012653042044948225
4,time,256,32,linear_jtfot,cosine,0.14518481045022874,0.05731849907036722,0.13413415470921375
4,time,256,32,log_jtfot,cosine,0.0990680238250648,0.05525283772528061,0.0858684350799713
4,time,256,32,bidirectional_cumulative_energy,cosine,0.32263089835326236,0.11379586019971578,0.3309097621240055
4,time,256,32,log_quadrature_bicul,cosine,0.32532618488232506,0.11130799947502525,0.3408230832672474
4,time,256,32,fading,cosine,0.33865177381754386,0.10434828276039526,0.34212659640927656
4,time,256,32,waveform_l1,phrase_success,0.0277099609375,0.013471836368870971,0.02734375
4,time,256,32,waveform_mse,phrase_success,0.03369140625,0.01847576460929792,0.03125
4,time,256,32,single_stft,phrase_success,0.058837890625,0.02023523368538568,0.05859375
4,time,256,32,linear_mss,phrase_success,0.051025390625,0.016630260122975003,0.048828125
4,time,256,32,smooth_mss,phrase_success,0.043701171875,0.016585804012822655,0.04296875
4,time,256,32,sot_published_composite,phrase_success,0.02490234375,0.013486101039402,0.0234375
4,time,256,32,linear_jtfot,phrase_success,0.0501708984375,0.01888052516129698,0.052734375
4,time,256,32,log_jtfot,phrase_success,0.0426025390625,0.016583485325247498,0.0390625
4,time,256,32,bidirectional_cumulative_energy,phrase_success,0.1070556640625,0.056805363660691624,0.095703125
4,time,256,32,log_quadrature_bicul,phrase_success,0.107177734375,0.055206508068420874,0.095703125
4,time,256,32,fading,phrase_success,0.1212158203125,0.05039188872782401,0.1171875
4,time,256,32,waveform_l1,zero_gradient,0.0,0.0,0.0
4,time,256,32,waveform_mse,zero_gradient,0.0,0.0,0.0
4,time,256,32,single_stft,zero_gradient,0.0,0.0,0.0
4,time,256,32,linear_mss,zero_gradient,0.0,0.0,0.0
4,time,256,32,smooth_mss,zero_gradient,0.0,0.0,0.0
4,time,256,32,sot_published_composite,zero_gradient,0.0,0.0,0.0
4,time,256,32,linear_jtfot,zero_gradient,0.0,0.0,0.0
4,time,256,32,log_jtfot,zero_gradient,0.0,0.0,0.0
4,time,256,32,bidirectional_cumulative_energy,zero_gradient,0.0,0.0,0.0
4,time,256,32,log_quadrature_bicul,zero_gradient,0.0,0.0,0.0
4,time,256,32,fading,zero_gradient,0.0,0.0,0.0
4,time,256,32,waveform_l1,original_coordinate_drift,0.1342778948874823,0.02624771722013206,0.13180896273702605
4,time,256,32,waveform_mse,original_coordinate_drift,0.13097854434849876,0.025769566574644347,0.1328806438336647
4,time,256,32,single_stft,original_coordinate_drift,0.17830398268491765,0.041800699015927936,0.17396311017635963
4,time,256,32,linear_mss,original_coordinate_drift,0.15711356905814328,0.017669464842177404,0.15484841537179722
4,time,256,32,smooth_mss,original_coordinate_drift,0.12018072646665297,0.023568713618992602,0.11537066435933804
4,time,256,32,sot_published_composite,original_coordinate_drift,0.003110390517972712,0.0013039476131955204,0.002934680206297546
4,time,256,32,linear_jtfot,original_coordinate_drift,0.14245196544239144,0.02638208736819517,0.14924542410702563
4,time,256,32,log_jtfot,original_coordinate_drift,0.13797896467950443,0.01975587988190805,0.13958960367054063
4,time,256,32,bidirectional_cumulative_energy,original_coordinate_drift,0.271196391989981,0.042465120245699324,0.270420830298415
4,time,256,32,log_quadrature_bicul,original_coordinate_drift,0.2854503525250494,0.044771644314239294,0.28674118378538516
4,time,256,32,fading,original_coordinate_drift,0.2344217653728294,0.03951419338216744,0.2409750795361716
2,joint,256,32,waveform_l1,both_directed,0.25958251953125,0.05911511862810928,0.2470703125
2,joint,256,32,waveform_mse,both_directed,0.2376708984375,0.058971475495790696,0.2294921875
2,joint,256,32,single_stft,both_directed,0.33392333984375,0.07278310318327415,0.34375
2,joint,256,32,linear_mss,both_directed,0.3233642578125,0.0687729380536354,0.3232421875
2,joint,256,32,smooth_mss,both_directed,0.34515380859375,0.05896061722585009,0.353515625
2,joint,256,32,sot_published_composite,both_directed,0.25823974609375,0.07724226343202471,0.2548828125
2,joint,256,32,linear_jtfot,both_directed,0.36114501953125,0.027622959630114307,0.3603515625
2,joint,256,32,log_jtfot,both_directed,0.38323974609375,0.037321768485288044,0.38671875
2,joint,256,32,bidirectional_cumulative_energy,both_directed,0.56842041015625,0.07069557868962045,0.56640625
2,joint,256,32,log_quadrature_bicul,both_directed,0.57537841796875,0.0731513791481047,0.5732421875
2,joint,256,32,fading,both_directed,0.5633544921875,0.09357255118633935,0.5830078125
2,joint,256,32,waveform_l1,pitch_directed,0.51068115234375,0.12186460426993838,0.4775390625
2,joint,256,32,waveform_mse,pitch_directed,0.47979736328125,0.16088498504520968,0.4482421875
2,joint,256,32,single_stft,pitch_directed,0.57330322265625,0.14540638664323124,0.5556640625
2,joint,256,32,linear_mss,pitch_directed,0.5570068359375,0.104982776430469,0.5439453125
2,joint,256,32,smooth_mss,pitch_directed,0.6182861328125,0.11220719438042621,0.6103515625
2,joint,256,32,sot_published_composite,pitch_directed,0.5252685546875,0.15044252277651032,0.5390625
2,joint,256,32,linear_jtfot,pitch_directed,0.60809326171875,0.054528880922458,0.6064453125
2,joint,256,32,log_jtfot,pitch_directed,0.6983642578125,0.05340089331028677,0.70703125
2,joint,256,32,bidirectional_cumulative_energy,pitch_directed,0.78253173828125,0.08413092839418869,0.796875
2,joint,256,32,log_quadrature_bicul,pitch_directed,0.79437255859375,0.08429695904669483,0.80859375
2,joint,256,32,fading,pitch_directed,0.74749755859375,0.11191432570370832,0.767578125
2,joint,256,32,waveform_l1,time_directed,0.51483154296875,0.025657519483535295,0.515625
2,joint,256,32,waveform_mse,time_directed,0.51123046875,0.047050557505385,0.515625
2,joint,256,32,single_stft,time_directed,0.5712890625,0.031143499216895687,0.5712890625
2,joint,256,32,linear_mss,time_directed,0.56695556640625,0.02173908746589384,0.5673828125
2,joint,256,32,smooth_mss,time_directed,0.546875,0.01997357006481497,0.544921875
2,joint,256,32,sot_published_composite,time_directed,0.4976806640625,0.022188435612336892,0.5029296875
2,joint,256,32,linear_jtfot,time_directed,0.59722900390625,0.03919061141338733,0.5927734375
2,joint,256,32,log_jtfot,time_directed,0.54803466796875,0.03149264485421827,0.546875
2,joint,256,32,bidirectional_cumulative_energy,time_directed,0.7357177734375,0.05900068181949049,0.7236328125
2,joint,256,32,log_quadrature_bicul,time_directed,0.73272705078125,0.06076518544241155,0.72265625
2,joint,256,32,fading,time_directed,0.75079345703125,0.07021067366179413,0.748046875
2,joint,256,32,waveform_l1,dot_directed,0.53009033203125,0.035134749862605716,0.525390625
2,joint,256,32,waveform_mse,dot_directed,0.53070068359375,0.06465467930889669,0.5078125
2,joint,256,32,single_stft,dot_directed,0.5833740234375,0.06539500257988236,0.572265625
2,joint,256,32,linear_mss,dot_directed,0.579833984375,0.040621455868590194,0.5771484375
2,joint,256,32,smooth_mss,dot_directed,0.58758544921875,0.028705426797065267,0.591796875
2,joint,256,32,sot_published_composite,dot_directed,0.500732421875,0.022377920081548226,0.505859375
2,joint,256,32,linear_jtfot,dot_directed,0.63067626953125,0.03437170421204969,0.6259765625
2,joint,256,32,log_jtfot,dot_directed,0.61431884765625,0.036391089286574564,0.6162109375
2,joint,256,32,bidirectional_cumulative_energy,dot_directed,0.8228759765625,0.061070869088157745,0.826171875
2,joint,256,32,log_quadrature_bicul,dot_directed,0.826171875,0.06051943154063839,0.833984375
2,joint,256,32,fading,dot_directed,0.81982421875,0.06883028326547293,0.826171875
2,joint,256,32,waveform_l1,cosine,0.0303732386510615,0.04580783749467651,0.02131233721893138
2,joint,256,32,waveform_mse,cosine,0.031556727215148066,0.08565937282095962,0.025778776504657007
2,joint,256,32,single_stft,cosine,0.1167555508652518,0.09765070392971376,0.1067368409017741
2,joint,256,32,linear_mss,cosine,0.08967876664483196,0.06334749038722452,0.0803658763738472
2,joint,256,32,smooth_mss,cosine,0.10413897771834764,0.04406235715193652,0.10833896443865593
2,joint,256,32,sot_published_composite,cosine,0.0010704897520067806,0.026613102324496766,0.010438270749600312
2,joint,256,32,linear_jtfot,cosine,0.17994604884884502,0.04933689009435867,0.17923565078304593
2,joint,256,32,log_jtfot,cosine,0.16799638203028652,0.052238171615716304,0.1703847483632271
2,joint,256,32,bidirectional_cumulative_energy,cosine,0.5095499506769212,0.08489021804819857,0.48918303898506243
2,joint,256,32,log_quadrature_bicul,cosine,0.5169013434886731,0.08550421642188566,0.5007905681340976
2,joint,256,32,fading,cosine,0.4583418372671351,0.10559792514063396,0.47174050959855407
2,joint,256,32,waveform_l1,phrase_success,0.071044921875,0.03365314838560964,0.068359375
2,joint,256,32,waveform_mse,phrase_success,0.0562744140625,0.02834013011078117,0.0546875
2,joint,256,32,single_stft,phrase_success,0.1141357421875,0.046003045739652214,0.1171875
2,joint,256,32,linear_mss,phrase_success,0.103759765625,0.041172086606926984,0.099609375
2,joint,256,32,smooth_mss,phrase_success,0.1259765625,0.04022954236166541,0.1171875
2,joint,256,32,sot_published_composite,phrase_success,0.0687255859375,0.045574397987398006,0.064453125
2,joint,256,32,linear_jtfot,phrase_success,0.1219482421875,0.023889590850282232,0.125
2,joint,256,32,log_jtfot,phrase_success,0.14404296875,0.030992989246513086,0.1484375
2,joint,256,32,bidirectional_cumulative_energy,phrase_success,0.3243408203125,0.08640864921834415,0.33203125
2,joint,256,32,log_quadrature_bicul,phrase_success,0.331787109375,0.0908865103547244,0.32421875
2,joint,256,32,fading,phrase_success,0.3292236328125,0.10556080946685813,0.33984375
2,joint,256,32,waveform_l1,zero_gradient,0.0,0.0,0.0
2,joint,256,32,waveform_mse,zero_gradient,0.0,0.0,0.0
2,joint,256,32,single_stft,zero_gradient,0.0,0.0,0.0
2,joint,256,32,linear_mss,zero_gradient,0.0,0.0,0.0
2,joint,256,32,smooth_mss,zero_gradient,0.0,0.0,0.0
2,joint,256,32,sot_published_composite,zero_gradient,0.0,0.0,0.0
2,joint,256,32,linear_jtfot,zero_gradient,0.0,0.0,0.0
2,joint,256,32,log_jtfot,zero_gradient,0.0,0.0,0.0
2,joint,256,32,bidirectional_cumulative_energy,zero_gradient,0.0,0.0,0.0
2,joint,256,32,log_quadrature_bicul,zero_gradient,0.0,0.0,0.0
2,joint,256,32,fading,zero_gradient,0.0,0.0,0.0
2,joint,256,32,waveform_l1,original_coordinate_drift,,,
2,joint,256,32,waveform_mse,original_coordinate_drift,,,
2,joint,256,32,single_stft,original_coordinate_drift,,,
2,joint,256,32,linear_mss,original_coordinate_drift,,,
2,joint,256,32,smooth_mss,original_coordinate_drift,,,
2,joint,256,32,sot_published_composite,original_coordinate_drift,,,
2,joint,256,32,linear_jtfot,original_coordinate_drift,,,
2,joint,256,32,log_jtfot,original_coordinate_drift,,,
2,joint,256,32,bidirectional_cumulative_energy,original_coordinate_drift,,,
2,joint,256,32,log_quadrature_bicul,original_coordinate_drift,,,
2,joint,256,32,fading,original_coordinate_drift,,,
4,joint,256,32,waveform_l1,both_directed,0.251007080078125,0.02837347317689124,0.25439453125
4,joint,256,32,waveform_mse,both_directed,0.2550048828125,0.04904610492571517,0.25341796875
4,joint,256,32,single_stft,both_directed,0.313934326171875,0.033493695997975075,0.3125
4,joint,256,32,linear_mss,both_directed,0.319732666015625,0.032224041643486176,0.3154296875
4,joint,256,32,smooth_mss,both_directed,0.324127197265625,0.02307819472103338,0.3203125
4,joint,256,32,sot_published_composite,both_directed,0.26416015625,0.06334630128556236,0.25390625
4,joint,256,32,linear_jtfot,both_directed,0.323516845703125,0.025116819044964593,0.32275390625
4,joint,256,32,log_jtfot,both_directed,0.34039306640625,0.02792369211096282,0.3369140625
4,joint,256,32,bidirectional_cumulative_energy,both_directed,0.461181640625,0.04713417513439477,0.470703125
4,joint,256,32,log_quadrature_bicul,both_directed,0.46746826171875,0.04609903396011741,0.47509765625
4,joint,256,32,fading,both_directed,0.47845458984375,0.04368935702184621,0.4873046875
4,joint,256,32,waveform_l1,pitch_directed,0.499359130859375,0.05282332781000479,0.50732421875
4,joint,256,32,waveform_mse,pitch_directed,0.485443115234375,0.08101021547021725,0.4873046875
4,joint,256,32,single_stft,pitch_directed,0.557220458984375,0.05889740880905988,0.5478515625
4,joint,256,32,linear_mss,pitch_directed,0.562042236328125,0.05095964055894239,0.5498046875
4,joint,256,32,smooth_mss,pitch_directed,0.601959228515625,0.04580340368418161,0.595703125
4,joint,256,32,sot_published_composite,pitch_directed,0.529754638671875,0.12474402629283664,0.5361328125
4,joint,256,32,linear_jtfot,pitch_directed,0.5714111328125,0.03769071749582365,0.56396484375
4,joint,256,32,log_jtfot,pitch_directed,0.63592529296875,0.04304774565603749,0.6396484375
4,joint,256,32,bidirectional_cumulative_energy,pitch_directed,0.712921142578125,0.06753193252641544,0.70947265625
4,joint,256,32,log_quadrature_bicul,pitch_directed,0.7276611328125,0.06844875978585706,0.72119140625
4,joint,256,32,fading,pitch_directed,0.70782470703125,0.06380765152709418,0.70263671875
4,joint,256,32,waveform_l1,time_directed,0.509002685546875,0.021055876207296074,0.509765625
4,joint,256,32,waveform_mse,time_directed,0.52239990234375,0.04590744317696592,0.509765625
4,joint,256,32,single_stft,time_directed,0.554840087890625,0.01777670748060571,0.55322265625
4,joint,256,32,linear_mss,time_directed,0.560333251953125,0.01754437559951295,0.56591796875
4,joint,256,32,smooth_mss,time_directed,0.537322998046875,0.014911190125262805,0.5400390625
4,joint,256,32,sot_published_composite,time_directed,0.5,0.014607427472830113,0.4990234375
4,joint,256,32,linear_jtfot,time_directed,0.56585693359375,0.031496063654483916,0.5595703125
4,joint,256,32,log_jtfot,time_directed,0.534912109375,0.02574198577157974,0.533203125
4,joint,256,32,bidirectional_cumulative_energy,time_directed,0.648773193359375,0.04974418502452952,0.6337890625
4,joint,256,32,log_quadrature_bicul,time_directed,0.645050048828125,0.052154221029089703,0.6298828125
4,joint,256,32,fading,time_directed,0.6693115234375,0.04995348212339361,0.666015625
4,joint,256,32,waveform_l1,dot_directed,0.51446533203125,0.022820925098683824,0.51953125
4,joint,256,32,waveform_mse,dot_directed,0.5269775390625,0.04835630790919691,0.51708984375
4,joint,256,32,single_stft,dot_directed,0.556793212890625,0.02782897414303652,0.556640625
4,joint,256,32,linear_mss,dot_directed,0.56646728515625,0.022538104725546286,0.56982421875
4,joint,256,32,smooth_mss,dot_directed,0.5634765625,0.016661678100872577,0.5673828125
4,joint,256,32,sot_published_composite,dot_directed,0.502410888671875,0.014774916785854157,0.50146484375
4,joint,256,32,linear_jtfot,dot_directed,0.5859375,0.026307031699427386,0.58642578125
4,joint,256,32,log_jtfot,dot_directed,0.57861328125,0.027062157113296566,0.58056640625
4,joint,256,32,bidirectional_cumulative_energy,dot_directed,0.72662353515625,0.04319293028877157,0.73193359375
4,joint,256,32,log_quadrature_bicul,dot_directed,0.731689453125,0.04469393431923347,0.736328125
4,joint,256,32,fading,dot_directed,0.739837646484375,0.045166962804066804,0.751953125
4,joint,256,32,waveform_l1,cosine,0.014156892302191262,0.034669689498099676,0.014490402283222448
4,joint,256,32,waveform_mse,cosine,0.03871365555775136,0.07546029821599592,0.02338287221430984
4,joint,256,32,single_stft,cosine,0.08118401042323967,0.03884783753269373,0.0748836292685206
4,joint,256,32,linear_mss,cosine,0.08162671163882751,0.03568236311545898,0.08009707305552075
4,joint,256,32,smooth_mss,cosine,0.07528531806773278,0.02242862934266308,0.07525108509140355
4,joint,256,32,sot_published_composite,cosine,0.0021898865358430933,0.019286014492476168,0.0009754702621102814
4,joint,256,32,linear_jtfot,cosine,0.12365269931242565,0.04433116881489789,0.11931716225345547
4,joint,256,32,log_jtfot,cosine,0.1142557566133327,0.04182287126115434,0.11433330455302611
4,joint,256,32,bidirectional_cumulative_energy,cosine,0.33845162026145525,0.0745563108990327,0.34074870462918494
4,joint,256,32,log_quadrature_bicul,cosine,0.34576578711279765,0.07526817015949604,0.34923984247842077
4,joint,256,32,fading,cosine,0.3350159923448569,0.07598865009269382,0.34248818400514314
4,joint,256,32,waveform_l1,phrase_success,0.0045166015625,0.003982295942193041,0.00390625
4,joint,256,32,waveform_mse,phrase_success,0.0050048828125,0.005719893512143349,0.00390625
4,joint,256,32,single_stft,phrase_success,0.009765625,0.006275151007050772,0.01171875
4,joint,256,32,linear_mss,phrase_success,0.0107421875,0.006655802745082791,0.01171875
4,joint,256,32,smooth_mss,phrase_success,0.01220703125,0.007796733081810094,0.01171875
4,joint,256,32,sot_published_composite,phrase_success,0.00634765625,0.00816674199256873,0.00390625
4,joint,256,32,linear_jtfot,phrase_success,0.0111083984375,0.007432106103420314,0.01171875
4,joint,256,32,log_jtfot,phrase_success,0.0140380859375,0.006104933051140591,0.015625
4,joint,256,32,bidirectional_cumulative_energy,phrase_success,0.0450439453125,0.020645732583324687,0.041015625
4,joint,256,32,log_quadrature_bicul,phrase_success,0.0467529296875,0.019905298660888533,0.046875
4,joint,256,32,fading,phrase_success,0.0570068359375,0.021711917633805047,0.0546875
4,joint,256,32,waveform_l1,zero_gradient,0.0,0.0,0.0
4,joint,256,32,waveform_mse,zero_gradient,0.0,0.0,0.0
4,joint,256,32,single_stft,zero_gradient,0.0,0.0,0.0
4,joint,256,32,linear_mss,zero_gradient,0.0,0.0,0.0
4,joint,256,32,smooth_mss,zero_gradient,0.0,0.0,0.0
4,joint,256,32,sot_published_composite,zero_gradient,0.0,0.0,0.0
4,joint,256,32,linear_jtfot,zero_gradient,0.0,0.0,0.0
4,joint,256,32,log_jtfot,zero_gradient,0.0,0.0,0.0
4,joint,256,32,bidirectional_cumulative_energy,zero_gradient,0.0,0.0,0.0
4,joint,256,32,log_quadrature_bicul,zero_gradient,0.0,0.0,0.0
4,joint,256,32,fading,zero_gradient,0.0,0.0,0.0
4,joint,256,32,waveform_l1,original_coordinate_drift,,,
4,joint,256,32,waveform_mse,original_coordinate_drift,,,
4,joint,256,32,single_stft,original_coordinate_drift,,,
4,joint,256,32,linear_mss,original_coordinate_drift,,,
4,joint,256,32,smooth_mss,original_coordinate_drift,,,
4,joint,256,32,sot_published_composite,original_coordinate_drift,,,
4,joint,256,32,linear_jtfot,original_coordinate_drift,,,
4,joint,256,32,log_jtfot,original_coordinate_drift,,,
4,joint,256,32,bidirectional_cumulative_energy,original_coordinate_drift,,,
4,joint,256,32,log_quadrature_bicul,original_coordinate_drift,,,
4,joint,256,32,fading,original_coordinate_drift,,,
