loss,label,cardinality,metric,n,mean,sample_std,q1,median,q3
single_stft,SS,1,pitch_mae_cents,150,551.1369573317567,653.7444589412929,9.23196852298247e-08,0.000872273672225532,1193.8125141791147
single_stft,SS,1,onset_mae_ms,150,18.693385661094386,105.811825334031,2.416859767873092e-08,0.0006163571544259838,0.7312376464698178
single_stft,SS,1,log_spectral_distance_db,150,6.738951546894836,7.492876657694641,4.37280429002707e-07,0.009771770349609023,13.045786903118245
single_stft,SS,2,pitch_mae_cents,150,456.9192388354599,420.4433173674192,0.03507451990322763,503.2705000919145,650.4489206661035
single_stft,SS,2,onset_mae_ms,150,112.16424141460972,209.28014454663406,0.009982640972960866,0.47230482649357475,156.29917183065407
single_stft,SS,2,log_spectral_distance_db,150,10.250517915732171,8.153836810440842,0.20142176804791373,12.108039194516119,16.992869854031568
single_stft,SS,4,pitch_mae_cents,150,452.79441751471427,275.5404978725453,277.9638651743151,433.9047256156231,611.8422245807312
single_stft,SS,4,onset_mae_ms,150,172.8475864152637,129.9053319055583,66.79668478825755,169.13825679696095,246.05787211928245
single_stft,SS,4,log_spectral_distance_db,150,15.201758384877634,5.588136289490916,11.841821607360037,15.69304175971857,19.087422703945787
single_stft,SS,6,pitch_mae_cents,150,437.01000787696745,207.362998008312,281.42008710761104,399.96636785129584,592.9154164217412
single_stft,SS,6,onset_mae_ms,150,173.94126959160022,97.77299954133123,110.37122967523328,166.80662858627022,228.8560110121867
single_stft,SS,6,log_spectral_distance_db,150,16.56716523281536,4.591998858236944,14.499499234469713,17.023196861202457,19.470647073960027
single_stft,SS,8,pitch_mae_cents,150,410.9860922217904,178.77183529027238,271.3772575575207,393.35033024536267,521.46205389449
single_stft,SS,8,onset_mae_ms,150,178.27348470404712,77.34317469869617,115.6282829088471,176.5902512430262,224.86974231245125
single_stft,SS,8,log_spectral_distance_db,150,17.485261321355956,4.321629896268385,14.595112356209214,17.41980242266815,20.76132152110243
linear_mss,LinMSS,1,pitch_mae_cents,150,538.3434597443654,644.6844273869841,0.00016622813752142918,1.7017939911173396,1194.7396995844983
linear_mss,LinMSS,1,onset_mae_ms,150,61.7287744521768,248.36727209686504,2.2210948746881343e-05,0.16612921045033868,0.5198965709929393
linear_mss,LinMSS,1,log_spectral_distance_db,150,7.423647831738311,8.006694388396884,0.0004984325282850216,1.8244337835362312,13.928289705165575
linear_mss,LinMSS,2,pitch_mae_cents,150,404.69243391337136,405.0337093047974,0.7181802315789354,350.0087851121841,644.360001318687
linear_mss,LinMSS,2,onset_mae_ms,150,122.20362256759167,192.00075218368335,0.1578646727798741,0.6707432757796228,212.8158882174916
linear_mss,LinMSS,2,log_spectral_distance_db,150,10.07145352852836,8.033094400122149,1.166909005755191,11.705660686530923,16.99925287568201
linear_mss,LinMSS,4,pitch_mae_cents,150,379.40862376920376,255.31243704818962,181.36137788180866,314.96088561708507,550.5001174487768
linear_mss,LinMSS,4,onset_mae_ms,150,147.46735215292472,125.63287412486663,5.884424413837151,147.19391642887004,231.1965804448638
linear_mss,LinMSS,4,log_spectral_distance_db,150,14.348375248319831,5.759280335728927,10.09826903322821,15.053568411555396,18.897330218895398
linear_mss,LinMSS,6,pitch_mae_cents,150,387.3050109001139,195.75521229313702,260.8947844910081,345.7290274209926,516.8538707218574
linear_mss,LinMSS,6,onset_mae_ms,150,152.1230404054566,93.01521099238225,75.57609878864363,141.98458764120167,212.6700340918552
linear_mss,LinMSS,6,log_spectral_distance_db,150,15.945934122018704,4.5640522982633875,13.4642408116184,16.578875292023056,18.82173907138579
linear_mss,LinMSS,8,pitch_mae_cents,150,353.28467020008753,167.06707191987428,235.5189509127478,337.51091042947803,450.55582257159807
linear_mss,LinMSS,8,onset_mae_ms,150,155.7920601543485,74.91018633879598,101.88973197879417,144.74290759391764,207.02451067750806
linear_mss,LinMSS,8,log_spectral_distance_db,150,16.99839852741972,4.062596762793817,14.565678236709516,17.162652245923336,19.644506574234438
smooth_mss,SmoMSS,1,pitch_mae_cents,150,440.4592637040088,642.0028220712203,0.1313603699642285,43.008377716723075,738.6708750332775
smooth_mss,SmoMSS,1,onset_mae_ms,150,271.8384556017235,291.7913822680001,0.05345970460363114,177.18002480518547,568.034845021542
smooth_mss,SmoMSS,1,log_spectral_distance_db,150,12.58668288589622,10.908249225964639,0.5608567147030302,18.565572224058656,22.484124947809743
smooth_mss,SmoMSS,2,pitch_mae_cents,150,317.9082767803957,341.49650826885244,15.702037509295828,196.78032141194427,568.7042907203879
smooth_mss,SmoMSS,2,onset_mae_ms,150,256.7168083367981,216.03778900828766,24.83666681516865,228.116822938944,430.2020213725583
smooth_mss,SmoMSS,2,log_spectral_distance_db,150,16.327116534637703,7.945474634401892,11.857891277871007,18.96649588285333,20.601495366395078
smooth_mss,SmoMSS,4,pitch_mae_cents,150,337.2275322946947,223.4932729561785,173.95577670474296,310.6879561522476,477.13281605985014
smooth_mss,SmoMSS,4,onset_mae_ms,150,217.88635094930237,123.09162235983166,132.14291931176888,228.39921953261393,294.45357765283825
smooth_mss,SmoMSS,4,log_spectral_distance_db,150,20.246368022399825,5.000937842203707,17.307743761556857,19.969838271646548,24.394671712626298
smooth_mss,SmoMSS,6,pitch_mae_cents,150,261.99955120523265,141.50435001924714,160.62511565917225,253.09110356307662,357.5024830966944
smooth_mss,SmoMSS,6,onset_mae_ms,150,171.27565285292144,87.11638321336457,114.50668306757217,159.62241481121595,232.10441786704106
smooth_mss,SmoMSS,6,log_spectral_distance_db,150,21.139285743567633,3.9378396783208687,18.298539763287668,21.209129018173265,23.79210434884988
smooth_mss,SmoMSS,8,pitch_mae_cents,150,271.4455518959776,124.87934593807111,177.89085339647028,269.3069223161553,347.77000201052084
smooth_mss,SmoMSS,8,onset_mae_ms,150,183.43939313749954,71.90035292881562,132.24982102995605,181.3353132011351,220.94636063076442
smooth_mss,SmoMSS,8,log_spectral_distance_db,150,22.10708668180143,3.5444317120785995,19.90122358956355,22.27900901744365,24.26424180445136
linear_jtfot,TFW2,1,pitch_mae_cents,150,15.722546452151779,54.71113573739921,0.9301508902799016,3.382360078120211,8.26825215725517
linear_jtfot,TFW2,1,onset_mae_ms,150,1.8541236361469313,4.093584678679997,0.17858632684603082,0.4985227918359314,1.5512938355365797
linear_jtfot,TFW2,1,log_spectral_distance_db,150,1.8226163519724905,1.962043686152164,0.6222069732991288,1.2294610398198547,2.1834013123900684
linear_jtfot,TFW2,2,pitch_mae_cents,150,60.00423863395403,138.37429860655905,3.2304738241553723,12.378387983790368,41.46471664140792
linear_jtfot,TFW2,2,onset_mae_ms,150,10.599303607653546,31.951864102200904,0.7580812457442521,2.9264797727485137,7.608257430752163
linear_jtfot,TFW2,2,log_spectral_distance_db,150,5.019375861593788,4.4271772593703655,1.6269619040153969,3.438889107394713,7.242998582215255
linear_jtfot,TFW2,4,pitch_mae_cents,150,158.62751445466856,168.84393605654432,22.266111761051192,97.2755947913825,244.24572047519297
linear_jtfot,TFW2,4,onset_mae_ms,150,46.44477577259027,68.6926516913186,5.8083009253390125,15.097170023768605,48.218323013598244
linear_jtfot,TFW2,4,log_spectral_distance_db,150,11.731000837340341,6.224739546357047,7.388684408267252,11.175029795090861,16.12473355855086
linear_jtfot,TFW2,6,pitch_mae_cents,150,236.02347791135327,145.3894159336056,128.32258943398855,218.1283838354895,331.89594456912477
linear_jtfot,TFW2,6,onset_mae_ms,150,84.86016602193709,72.55843078067257,27.238715399810385,63.80352137989223,125.2230355407525
linear_jtfot,TFW2,6,log_spectral_distance_db,150,18.530452626217315,5.9326149558651435,14.457406443253557,19.629935729267228,22.776288300366716
linear_jtfot,TFW2,8,pitch_mae_cents,150,244.67383356383468,109.09075985103013,167.38035183335276,244.80885855375695,320.55478286422704
linear_jtfot,TFW2,8,onset_mae_ms,150,98.85099083936252,62.3034765821458,44.073751067781714,94.36044661873791,138.4243496073389
linear_jtfot,TFW2,8,log_spectral_distance_db,150,19.928922709150555,4.944373152365716,17.33804726638926,21.033110422705654,23.392166180684672
log_jtfot,logTFW2,1,pitch_mae_cents,150,3.9823470169111554,15.730227163265983,0.2946123498399622,0.7623508956163927,2.3179739297612967
log_jtfot,logTFW2,1,onset_mae_ms,150,3.7476567173157274,12.805202877843337,0.226761998687236,0.5029353202765652,1.7310134034527747
log_jtfot,logTFW2,1,log_spectral_distance_db,150,1.6922426283229735,2.4982604395788957,0.5277744298893261,0.93454089102606,1.736285314898223
log_jtfot,logTFW2,2,pitch_mae_cents,150,84.38436052076655,210.5060655902142,3.2166222096740693,8.189247128889793,31.00633864279819
log_jtfot,logTFW2,2,onset_mae_ms,150,40.31664555043651,82.08380916130413,2.853384028366407,8.55768961656775,27.444145603593235
log_jtfot,logTFW2,2,log_spectral_distance_db,150,7.57101572921003,6.330101479556926,3.0775946557005294,5.226254966502435,11.411675752630213
log_jtfot,logTFW2,4,pitch_mae_cents,150,161.80257491002405,164.45934419555516,25.451271464323764,86.97903144437316,289.94800773227183
log_jtfot,logTFW2,4,onset_mae_ms,150,113.12830422077522,104.10356639120938,28.74906170877027,84.97224109311614,162.49768992837258
log_jtfot,logTFW2,4,log_spectral_distance_db,150,18.935063616959766,6.928012935806273,14.595818334245056,19.259151034976167,24.791995723020776
log_jtfot,logTFW2,6,pitch_mae_cents,150,180.55730724005576,123.57031688794724,74.9500157277539,170.46404113591302,251.38235670066848
log_jtfot,logTFW2,6,onset_mae_ms,150,142.05435562769858,90.90021018655084,68.22582600605728,128.1046053501583,198.5107282714578
log_jtfot,logTFW2,6,log_spectral_distance_db,150,23.799497765830736,5.556997622730748,19.599512098477465,24.402825655487966,27.8121382715643
log_jtfot,logTFW2,8,pitch_mae_cents,150,196.5626959861811,102.11341500452852,122.47008357663088,184.6626476659827,253.78304412563864
log_jtfot,logTFW2,8,onset_mae_ms,150,162.21988179932077,73.1834314845733,107.69839348797225,161.032249188117,214.96721615926077
log_jtfot,logTFW2,8,log_spectral_distance_db,150,26.29529236468277,4.247601149222601,24.114345729815632,26.118118652762675,29.068408151294136
cel,CeL,1,pitch_mae_cents,150,4.779095088910945e-05,0.0003579263461531404,1.0159872942949733e-08,2.767286400029434e-08,9.981322435237416e-08
cel,CeL,1,onset_mae_ms,150,1.750956250841836e-05,0.00011303093374544526,4.861000491018785e-09,1.501043733753704e-08,5.142231085386584e-08
cel,CeL,1,log_spectral_distance_db,150,0.00029893968379083723,0.0020453911886298983,8.48961878749735e-08,2.8820047733425125e-07,1.2358839155337604e-06
cel,CeL,2,pitch_mae_cents,150,41.69310203238037,150.885285616623,8.553293073809698e-08,0.05150738631426455,0.22530786037015527
cel,CeL,2,onset_mae_ms,150,25.09295001542408,78.42918337091078,5.1004554746381103e-08,0.008613426669412672,0.03427624666339779
cel,CeL,2,log_spectral_distance_db,150,2.166979507310642,5.262637478668064,1.6674354791832579e-06,0.18694959309725312,0.6554808724328084
cel,CeL,4,pitch_mae_cents,150,101.82402236683774,139.20365636390855,0.41588913968791397,25.549965229117145,156.51248301757954
cel,CeL,4,onset_mae_ms,150,67.30840473813333,90.81723727753274,0.1156279607954884,17.022671890258973,111.48788983251083
cel,CeL,4,log_spectral_distance_db,150,8.865947032112457,7.495224736778576,1.085553936709493,8.301540217821138,15.56950125109966
cel,CeL,6,pitch_mae_cents,150,153.67759622861368,115.39189993961368,56.22222874220623,145.65642311990894,245.2248752567393
cel,CeL,6,onset_mae_ms,150,105.22919705953034,82.46723040319726,39.534267824408836,92.50350579429875,159.81081931186372
cel,CeL,6,log_spectral_distance_db,150,14.734523180063103,6.4331455136337015,11.416662690783822,15.874136929432305,19.662962276649633
cel,CeL,8,pitch_mae_cents,150,162.06674863184435,98.62572328807632,87.19774850937131,146.26929084035933,213.3315077980983
cel,CeL,8,onset_mae_ms,150,120.01386017138871,68.51220395016341,66.6041078458039,115.49795258631525,165.94839592323305
cel,CeL,8,log_spectral_distance_db,150,18.47962500746091,4.684477339207098,15.504266038069341,18.7707206288524,21.87460661748716
log_cel,logCeL,1,pitch_mae_cents,150,0.00033061978088317484,0.0023474775730539556,9.155026736706873e-09,3.176229279588938e-08,1.4395784564413816e-07
log_cel,logCeL,1,onset_mae_ms,150,9.52043136731584e-05,0.0005606021615837918,4.200279013488739e-09,1.623412515527889e-08,9.961720337514635e-08
log_cel,logCeL,1,log_spectral_distance_db,150,0.0027365857512848288,0.018831053352455773,8.411923435872847e-08,3.1323484928979757e-07,2.166446180072773e-06
log_cel,logCeL,2,pitch_mae_cents,150,42.20685206667293,140.81550353354206,3.6212083331932376e-08,0.003801860082935926,0.3922155829999052
log_cel,logCeL,2,onset_mae_ms,150,28.28383930728772,85.84390566188694,2.0104612419302725e-08,0.00031768595464692906,0.08296571121599317
log_cel,logCeL,2,log_spectral_distance_db,150,2.528166746291502,5.681528875519957,7.038052509426005e-07,0.011644226031064728,0.8753535172988042
log_cel,logCeL,4,pitch_mae_cents,150,101.70680424358785,136.13596467475855,1.7156569682496416,35.21265490064665,159.40161331415234
log_cel,logCeL,4,onset_mae_ms,150,67.66919570910635,87.41666764836341,0.525813053540488,27.715241749713236,124.00151660532487
log_cel,logCeL,4,log_spectral_distance_db,150,9.70147291389483,7.471929460150899,2.111359940050685,10.249664345246916,16.61875292407498
log_cel,logCeL,6,pitch_mae_cents,150,146.44234070296218,120.27516583099738,44.197328520911604,121.28234735893764,235.5730181490823
log_cel,logCeL,6,onset_mae_ms,150,111.24349850372397,78.87139083047154,54.0356238373604,103.76731858513739,172.71684406351534
log_cel,logCeL,6,log_spectral_distance_db,150,15.891854146565144,6.220414483751998,12.783339507481818,17.0129809321546,20.18682825513319
log_cel,logCeL,8,pitch_mae_cents,150,155.59783922031116,94.6905789817675,91.05474604292804,153.63830308010853,210.4999357403711
log_cel,logCeL,8,onset_mae_ms,150,117.54148783881021,67.18916610718483,66.1348668568894,117.12858532823765,166.3908057536865
log_cel,logCeL,8,log_spectral_distance_db,150,18.72262907716284,5.385567177142099,16.3611667428905,19.913577380326906,22.369594486854304
dec_cel,decCeL,1,pitch_mae_cents,150,0.00021373242572815532,0.0009715640870957848,8.517786476147649e-09,2.5358361244176564e-08,7.16789960719666e-08
dec_cel,decCeL,1,onset_mae_ms,150,4.845894554147042e-05,0.0002389234175147576,4.034120260065777e-09,1.1606715588641237e-08,3.18944870514315e-08
dec_cel,decCeL,1,log_spectral_distance_db,150,0.0012207321239921386,0.006457354824257038,7.234176157650774e-08,2.2069602313028869e-07,7.242038285230887e-07
dec_cel,decCeL,2,pitch_mae_cents,150,25.55657014031702,113.19989807767838,1.6532999969065543e-08,0.013746971611233727,0.1312745269323623
dec_cel,decCeL,2,onset_mae_ms,150,20.672537576669487,84.34943901672058,1.0877299061462509e-08,0.001574484348398908,0.02137139919775044
dec_cel,decCeL,2,log_spectral_distance_db,150,1.5540409028507371,4.434888341378644,3.2656323562851117e-07,0.05845212610715808,0.44749123229409027
dec_cel,decCeL,4,pitch_mae_cents,150,85.39923213317417,134.8436096184723,0.10444020826016753,2.526300938211716,145.9126061439314
dec_cel,decCeL,4,onset_mae_ms,150,58.55343790605999,92.66906684602556,0.021159455006893035,0.5367900223249844,90.34742701201266
dec_cel,decCeL,4,log_spectral_distance_db,150,6.479139013533183,6.994974461040993,0.5490035369614042,2.114747859314477,12.949324772648438
dec_cel,decCeL,6,pitch_mae_cents,150,127.2363907740092,140.70539081541574,2.5494478882320455,91.3920660226233,223.08489697013806
dec_cel,decCeL,6,onset_mae_ms,150,88.0417780751509,88.39765143401551,0.7457669842560096,67.443448142158,148.72367442774114
dec_cel,decCeL,6,log_spectral_distance_db,150,10.65044942927424,7.374893378205694,2.1957692036915253,12.142916510202806,16.426663895506664
dec_cel,decCeL,8,pitch_mae_cents,150,136.58055538678929,98.68976139632281,57.459671991353815,127.53699788100889,192.58898614451897
dec_cel,decCeL,8,onset_mae_ms,150,101.48628768381006,67.91927062003604,42.36938120879084,94.43228069130731,156.11710603334356
dec_cel,decCeL,8,log_spectral_distance_db,150,14.55413772364817,5.410249636929022,10.695435341116863,15.371069532152124,18.17974293466955
tlog_cel,tlogCeL,1,pitch_mae_cents,150,7.632457272987309e-05,0.0003815805938829664,6.8966166111295024e-09,2.458393488780075e-08,7.252588529738091e-08
tlog_cel,tlogCeL,1,onset_mae_ms,150,6.044083483332704e-05,0.0004749947273922587,2.9243274468626623e-09,9.231837516665564e-09,2.577997537667187e-08
tlog_cel,tlogCeL,1,log_spectral_distance_db,150,0.0007943778596302371,0.004714150022447156,7.101337868666454e-08,1.8612696544315767e-07,6.769129647793231e-07
tlog_cel,tlogCeL,2,pitch_mae_cents,150,48.281737860122824,143.3178129941118,1.02628905374047e-08,7.760978526505369e-08,0.9671495612357199
tlog_cel,tlogCeL,2,onset_mae_ms,150,40.484309896647915,100.4727768264282,7.82061915227672e-09,2.987796121622921e-08,0.1926208381623773
tlog_cel,tlogCeL,2,log_spectral_distance_db,150,3.014413214557941,5.9629719571413355,1.8123982228326197e-07,1.7167094494977448e-06,1.1746183152073757
tlog_cel,tlogCeL,4,pitch_mae_cents,150,125.61830524675922,143.13161752335046,4.274644240503059,53.859376400896736,218.82228225663596
tlog_cel,tlogCeL,4,onset_mae_ms,150,89.03319795494617,96.81404732404332,0.9368076922796411,65.51802534024847,132.47599981060102
tlog_cel,tlogCeL,4,log_spectral_distance_db,150,11.715838995134499,7.983567512784066,2.7070201655304373,13.951353411222604,18.082292535426095
tlog_cel,tlogCeL,6,pitch_mae_cents,150,159.87963672314305,133.11287649254626,44.80496608257859,145.47668011107146,254.00183213692725
tlog_cel,tlogCeL,6,onset_mae_ms,150,110.26169105194073,87.1289172858358,37.54898795708938,96.83066151304192,172.8356712707714
tlog_cel,tlogCeL,6,log_spectral_distance_db,150,16.344729351824032,7.4683403263175165,13.23584826909547,18.23505432943933,21.46837668506508
tlog_cel,tlogCeL,8,pitch_mae_cents,150,168.20263653805785,109.97499796092153,83.1423806656092,169.25168687780632,221.53441184612646
tlog_cel,tlogCeL,8,onset_mae_ms,150,124.4364646570156,75.2348480333198,62.872364349773164,122.05846418292973,173.97542609291253
tlog_cel,tlogCeL,8,log_spectral_distance_db,150,19.446004002305035,5.688192013315181,17.209746763230932,20.550053247943417,22.872313465122595
