events,condition,target,candidates,ties,reassigned_candidates,both_displaced_events,wall_seconds,peak_rss_kib
1,joint,C01-T000,1024,0,0,1024,5.319959740154445,1491240
2,pitch,C02-T000,512,0,232,464,5.048465210944414,1491240
2,pitch,C02-T001,512,0,227,454,5.000526584684849,1491240
2,pitch,C02-T002,512,0,75,150,4.967998994514346,1491240
2,pitch,C02-T003,512,0,0,0,4.9702183632180095,1491240
2,pitch,C02-T004,512,0,124,248,4.964155186899006,1491240
2,pitch,C02-T005,512,0,152,304,4.97226095572114,1491240
2,pitch,C02-T006,512,0,0,0,5.09712010063231,1491240
2,pitch,C02-T007,512,0,226,452,5.0040487963706255,1491240
2,pitch,C02-T008,512,0,238,476,5.015299625694752,1491240
2,pitch,C02-T009,512,0,139,278,5.065398963168263,1491240
2,pitch,C02-T010,512,0,249,498,4.960449827834964,1491240
2,pitch,C02-T011,512,0,4,8,4.963518174365163,1491240
2,pitch,C02-T012,512,0,0,0,4.96741995960474,1491240
2,pitch,C02-T013,512,0,0,0,4.970912867225707,1491240
2,pitch,C02-T014,512,0,0,0,5.101753312163055,1491240
2,pitch,C02-T015,512,0,131,262,4.986806372180581,1491240
2,pitch,C02-T016,512,0,111,222,4.991021111607552,1491240
2,pitch,C02-T017,512,0,189,378,5.000621708109975,1491240
2,pitch,C02-T018,512,0,219,438,5.004667861387134,1491240
2,pitch,C02-T019,512,0,89,178,4.94103357475251,1491240
2,pitch,C02-T020,512,0,148,296,4.973244368098676,1491240
2,pitch,C02-T021,512,0,83,166,4.956500303000212,1491240
2,pitch,C02-T022,512,0,92,184,4.97073442582041,1491240
2,pitch,C02-T023,512,0,240,480,4.965963272377849,1491240
2,pitch,C02-T024,512,0,189,378,4.986757567152381,1491240
2,pitch,C02-T025,512,0,246,492,4.995538373477757,1491240
2,pitch,C02-T026,512,0,246,492,4.980109601281583,1491240
2,pitch,C02-T027,512,0,87,174,4.949129621498287,1491240
2,pitch,C02-T028,512,0,0,0,4.982196595519781,1491240
2,pitch,C02-T029,512,0,250,500,5.02649009693414,1491240
2,pitch,C02-T030,512,0,0,0,4.953187963925302,1491240
2,pitch,C02-T031,512,0,237,474,4.979723367840052,1491240
4,pitch,C04-T000,256,0,179,415,3.630474189296365,1485756
4,pitch,C04-T001,256,0,198,505,3.707398441620171,1486524
4,pitch,C04-T002,256,0,199,522,3.683278515934944,1486524
4,pitch,C04-T003,256,0,187,436,3.72299896646291,1486524
4,pitch,C04-T004,256,0,217,575,3.7403626730665565,1486524
4,pitch,C04-T005,256,0,127,288,3.6424486078321934,1486524
4,pitch,C04-T006,256,0,240,734,3.765919890254736,1486524
4,pitch,C04-T007,256,0,239,719,3.7534280056133866,1486524
4,pitch,C04-T008,256,0,194,534,3.7203962625935674,1486524
4,pitch,C04-T009,256,0,205,535,3.713566256687045,1486524
4,pitch,C04-T010,256,0,213,555,3.631326286122203,1486524
4,pitch,C04-T011,256,0,146,358,3.6944700004532933,1486524
4,pitch,C04-T012,256,0,192,477,3.6910457452759147,1486524
4,pitch,C04-T013,256,0,207,533,3.7118660770356655,1486524
4,pitch,C04-T014,256,0,221,643,3.710756991058588,1486524
4,pitch,C04-T015,256,0,196,549,3.644756367430091,1486524
4,pitch,C04-T016,256,0,199,498,3.710181310772896,1486524
4,pitch,C04-T017,256,0,200,591,3.6789522916078568,1486524
4,pitch,C04-T018,256,0,181,472,3.687276115640998,1486524
4,pitch,C04-T019,256,0,219,616,3.692007436417043,1486524
4,pitch,C04-T020,256,0,218,588,3.7875594636425376,1489084
4,pitch,C04-T021,256,0,198,508,3.6150885615497828,1489084
4,pitch,C04-T022,256,0,175,424,3.6753183770924807,1489084
4,pitch,C04-T023,256,0,170,354,3.6812395583838224,1489084
4,pitch,C04-T024,256,0,182,445,3.609939900226891,1489084
4,pitch,C04-T025,256,0,198,482,3.640991603024304,1489084
4,pitch,C04-T026,256,0,179,499,3.7043349277228117,1489084
4,pitch,C04-T027,256,0,193,493,3.6806211825460196,1489084
4,pitch,C04-T028,256,0,178,411,3.6459161918610334,1489084
4,pitch,C04-T029,256,0,183,476,3.645948125049472,1489084
4,pitch,C04-T030,256,0,155,352,3.7056303303688765,1489084
4,pitch,C04-T031,256,0,208,600,3.674287173897028,1489084
2,time,C02-T000,256,0,24,48,2.800904148258269,1485756
2,time,C02-T001,256,0,0,0,2.8317284183576703,1485756
2,time,C02-T002,256,0,96,192,3.1034614564850926,1485756
2,time,C02-T003,256,0,127,254,2.7670682817697525,1485756
2,time,C02-T004,256,0,6,12,2.78626059461385,1485756
2,time,C02-T005,256,0,2,4,2.8034880561754107,1485756
2,time,C02-T006,256,0,31,62,3.0682951593771577,1485756
2,time,C02-T007,256,0,3,6,3.024830875918269,1485756
2,time,C02-T008,256,0,58,116,3.085003623738885,1485756
2,time,C02-T009,256,0,0,0,3.096673515625298,1485756
2,time,C02-T010,256,0,0,0,3.068101929500699,1485756
2,time,C02-T011,256,0,128,256,2.7450933204963803,1485756
2,time,C02-T012,256,0,102,204,2.6947496896609664,1485756
2,time,C02-T013,256,0,131,262,2.872998612932861,1485756
2,time,C02-T014,256,0,121,242,2.8996596597135067,1485756
2,time,C02-T015,256,0,59,118,2.8105485383421183,1485756
2,time,C02-T016,256,0,70,140,3.0930762635543942,1485756
2,time,C02-T017,256,0,0,0,3.006191366352141,1485756
2,time,C02-T018,256,0,0,0,2.8307691430673003,1485756
2,time,C02-T019,256,0,42,84,3.0920256581157446,1485756
2,time,C02-T020,256,0,6,12,2.876715353690088,1485756
2,time,C02-T021,256,0,70,140,3.1150370426476,1485756
2,time,C02-T022,256,0,112,224,2.6854393677785993,1485756
2,time,C02-T023,256,0,0,0,3.1292965272441506,1485756
2,time,C02-T024,256,0,109,218,2.719902384094894,1485756
2,time,C02-T025,256,0,0,0,3.1356415078043938,1485756
2,time,C02-T026,256,0,0,0,3.1364059345796704,1485756
2,time,C02-T027,256,0,35,70,2.7884537037461996,1485756
2,time,C02-T028,256,0,131,262,2.586969186551869,1485756
2,time,C02-T029,256,0,13,26,3.1089720111340284,1485756
2,time,C02-T030,256,0,125,250,2.609564599581063,1485756
2,time,C02-T031,256,0,51,102,2.5888586677610874,1485756
4,time,C04-T000,256,0,185,446,5.064662951044738,1485756
4,time,C04-T001,256,0,221,580,4.5113172978162766,1486524
4,time,C04-T002,256,0,185,499,5.057375531643629,1486524
4,time,C04-T003,256,0,197,462,4.857386169023812,1486524
4,time,C04-T004,256,0,166,367,4.610829847864807,1486524
4,time,C04-T005,256,0,223,651,4.937658021226525,1486524
4,time,C04-T006,256,0,118,247,4.741117463447154,1486524
4,time,C04-T007,256,0,136,300,4.600573494099081,1486524
4,time,C04-T008,256,0,181,426,4.823707380332053,1486524
4,time,C04-T009,256,0,131,266,4.993460061959922,1486524
4,time,C04-T010,256,0,107,233,4.9971673507243395,1486524
4,time,C04-T011,256,0,225,648,4.627695471979678,1486524
4,time,C04-T012,256,0,194,459,4.785862321965396,1486524
4,time,C04-T013,256,0,192,479,4.683113679289818,1486524
4,time,C04-T014,256,0,146,328,5.0102378046140075,1486524
4,time,C04-T015,256,0,181,464,5.054002780467272,1486524
4,time,C04-T016,256,0,217,508,5.0377936363220215,1486524
4,time,C04-T017,256,0,199,470,4.8361747013404965,1486524
4,time,C04-T018,256,0,198,546,4.903383776545525,1486524
4,time,C04-T019,256,0,114,249,4.884279744699597,1489084
4,time,C04-T020,256,0,158,355,4.771959926001728,1489084
4,time,C04-T021,256,0,128,257,4.98138992022723,1489084
4,time,C04-T022,256,0,189,506,4.830134842544794,1489084
4,time,C04-T023,256,0,203,491,4.579409561119974,1489084
4,time,C04-T024,256,0,204,492,5.017403518781066,1489084
4,time,C04-T025,256,0,192,441,4.855408534407616,1489084
4,time,C04-T026,256,0,198,540,5.003641834482551,1489084
4,time,C04-T027,256,0,174,382,4.959907685406506,1489084
4,time,C04-T028,256,0,177,443,5.014922856353223,1489084
4,time,C04-T029,256,0,160,356,5.13920436706394,1489084
4,time,C04-T030,256,0,172,426,4.704089570790529,1489084
4,time,C04-T031,256,0,173,439,4.896696811541915,1489084
2,joint,C02-T000,512,0,250,1024,6.241975719109178,1491240
2,joint,C02-T001,512,0,268,1024,6.255332855507731,1491240
2,joint,C02-T002,512,0,252,1024,6.195226864889264,1491240
2,joint,C02-T003,512,0,248,1024,6.335178382694721,1491240
2,joint,C02-T004,512,0,252,1024,6.222682313993573,1491240
2,joint,C02-T005,512,0,254,1024,6.182122538797557,1491240
2,joint,C02-T006,512,0,256,1024,6.219616001471877,1491240
2,joint,C02-T007,512,0,254,1024,6.219451937824488,1491240
2,joint,C02-T008,512,0,260,1024,6.247600726783276,1491240
2,joint,C02-T009,512,0,255,1024,6.268228349275887,1491240
2,joint,C02-T010,512,0,254,1024,6.219827744178474,1491240
2,joint,C02-T011,512,0,255,1024,6.184559995308518,1491240
2,joint,C02-T012,512,0,258,1024,6.188309695571661,1491240
2,joint,C02-T013,512,0,258,1024,6.185785287991166,1491240
2,joint,C02-T014,512,0,268,1024,6.22184713371098,1491240
2,joint,C02-T015,512,0,256,1024,6.251260608434677,1491240
2,joint,C02-T016,512,0,253,1024,6.229745991528034,1491240
2,joint,C02-T017,512,0,248,1024,6.244217830710113,1491240
2,joint,C02-T018,512,0,249,1024,6.226770692504942,1491240
2,joint,C02-T019,512,0,259,1024,6.231399872340262,1491240
2,joint,C02-T020,512,0,256,1024,6.213492415845394,1491240
2,joint,C02-T021,512,0,252,1024,6.185489039868116,1491240
2,joint,C02-T022,512,0,261,1024,6.20780813228339,1491240
2,joint,C02-T023,512,0,258,1024,6.2036352241411805,1491240
2,joint,C02-T024,512,0,250,1024,6.209349977783859,1491240
2,joint,C02-T025,512,0,260,1024,6.200966383330524,1491240
2,joint,C02-T026,512,0,268,1024,6.204865499399602,1491240
2,joint,C02-T027,512,0,258,1024,6.236302692443132,1491240
2,joint,C02-T028,512,0,256,1024,6.193863575346768,1491240
2,joint,C02-T029,512,0,255,1024,6.172003718093038,1491240
2,joint,C02-T030,512,0,255,1024,6.210976326838136,1491240
2,joint,C02-T031,512,0,249,1024,6.2006229581311345,1491240
4,joint,C04-T000,256,0,247,1024,5.0131989819929,1485756
4,joint,C04-T001,256,0,248,1024,4.979209017939866,1486524
4,joint,C04-T002,256,0,246,1024,5.02871244866401,1486524
4,joint,C04-T003,256,0,243,1024,5.024486370384693,1486524
4,joint,C04-T004,256,0,242,1024,5.031079567037523,1486524
4,joint,C04-T005,256,0,240,1024,4.954002162441611,1486524
4,joint,C04-T006,256,0,240,1024,5.039818390272558,1486524
4,joint,C04-T007,256,0,244,1024,5.080032665282488,1486524
4,joint,C04-T008,256,0,246,1024,5.021747374907136,1486524
4,joint,C04-T009,256,0,244,1024,4.9872372122481465,1486524
4,joint,C04-T010,256,0,250,1024,5.049866288900375,1486524
4,joint,C04-T011,256,0,245,1024,5.055564817041159,1486524
4,joint,C04-T012,256,0,242,1024,5.061542773619294,1486524
4,joint,C04-T013,256,0,245,1024,5.1790017215535045,1486524
4,joint,C04-T014,256,0,247,1024,5.038025928661227,1486524
4,joint,C04-T015,256,0,242,1024,5.021391432732344,1486524
4,joint,C04-T016,256,0,246,1024,5.070980034768581,1486524
4,joint,C04-T017,256,0,240,1024,4.994649481028318,1486524
4,joint,C04-T018,256,0,243,1024,4.950519916601479,1486524
4,joint,C04-T019,256,0,244,1024,5.076125344261527,1489084
4,joint,C04-T020,256,0,245,1024,5.050213827751577,1489084
4,joint,C04-T021,256,0,247,1024,5.0725391786545515,1489084
4,joint,C04-T022,256,0,243,1024,5.022284043952823,1489084
4,joint,C04-T023,256,0,243,1024,5.0123617965728045,1489084
4,joint,C04-T024,256,0,243,1024,4.988752393051982,1489084
4,joint,C04-T025,256,0,248,1024,4.943434006534517,1489084
4,joint,C04-T026,256,0,244,1024,4.968708297237754,1489084
4,joint,C04-T027,256,0,248,1024,4.994763536378741,1489084
4,joint,C04-T028,256,0,246,1024,5.00517543964088,1489084
4,joint,C04-T029,256,0,246,1024,5.100377209484577,1489084
4,joint,C04-T030,256,0,239,1024,4.995318062603474,1489084
4,joint,C04-T031,256,0,243,1024,5.048879556357861,1489084
