cardinality,target_index,log_spectral_distance_db
1,0,19.96753037929695
1,1,20.600777277626385
1,2,20.119065363308547
1,3,23.74732535216726
1,4,20.96018806993513
1,5,12.447010300120091
1,6,20.306695073994412
1,7,19.652716991109667
1,8,14.615570448462938
1,9,24.408680665601985
1,10,26.248918256267736
1,11,22.95057338178615
1,12,14.534162901464354
1,13,21.470379907400577
1,14,23.69319592076751
1,15,16.902552874667865
1,16,22.191852475883895
1,17,17.720024274950497
1,18,21.49549849277366
1,19,24.045525293399976
1,20,16.87634578132529
1,21,21.066999001668567
1,22,21.655034169493934
1,23,16.99126671249342
1,24,21.615163057875463
1,25,14.698175859457514
1,26,23.654572774757163
1,27,21.75126950084071
1,28,16.5657948929386
1,29,19.867041063892522
1,30,20.429394999013994
1,31,20.29189194158046
1,32,19.62655450594594
1,33,17.45166831005595
1,34,16.007811729898513
1,35,20.594907966449583
1,36,11.213588522931637
1,37,16.440698558507528
1,38,20.77058638857721
1,39,20.48971282268104
1,40,16.989172103316147
1,41,25.260356640575676
1,42,22.880270663774272
1,43,22.83001611254432
1,44,13.795445168703518
1,45,20.015295742613468
1,46,23.234083861295964
1,47,19.793252931457797
1,48,23.79907016292774
1,49,25.251530755883774
1,50,20.596586949289833
1,51,14.878670762117423
1,52,20.67133936599983
1,53,10.105355699269772
1,54,12.562585227936708
1,55,20.87908435527713
1,56,19.24207965177368
1,57,19.426037580784847
1,58,14.576656297324202
1,59,26.732609410963075
1,60,18.247628760190477
1,61,21.126765076147986
1,62,19.92605055563488
1,63,21.25321596462688
1,64,24.74602603911198
1,65,23.816190103006086
1,66,20.765647032131543
1,67,22.098722340444787
1,68,22.22932055680468
1,69,20.73083549740925
1,70,25.315879615525844
1,71,21.6288612835628
1,72,17.0457554010155
1,73,19.66329342392883
1,74,20.15274861094804
1,75,16.186441256040133
1,76,25.07931640980716
1,77,16.14082392634586
1,78,23.807801624516223
1,79,19.234120455052278
1,80,20.582705486941855
1,81,23.58163813421754
1,82,18.482556149653917
1,83,18.459682655852646
1,84,21.690650626915854
1,85,17.452833099170416
1,86,25.240489803974704
1,87,13.698619151099534
1,88,19.359816887189247
1,89,18.00561240836559
1,90,15.730342156116183
1,91,22.54549222317622
1,92,22.42683817095721
1,93,19.94699020478929
1,94,19.601457189690958
1,95,17.35241595835197
1,96,24.76535527235692
1,97,19.669264343839647
1,98,21.31996354849323
1,99,19.609098064043856
1,100,21.673147304046456
1,101,18.085564632578528
1,102,20.316478069459933
1,103,16.52023844044489
1,104,22.075071435129683
1,105,22.83837954329192
1,106,18.777813669814076
1,107,19.906813615832217
1,108,18.04353863412873
1,109,19.63340300827492
1,110,22.862785956559446
1,111,20.90625118960909
1,112,23.649273974674323
1,113,19.60369562189379
1,114,21.542773825189652
1,115,20.95866174972488
1,116,22.965261822523402
1,117,12.740826016851688
1,118,17.0615592225217
1,119,22.20332039268482
1,120,19.078644972139305
1,121,16.16970100849371
1,122,19.41671466615417
1,123,18.429324701184942
1,124,20.38186706015404
1,125,20.397244399867674
1,126,13.17634180794241
1,127,15.010859125762018
1,128,19.183075866456285
1,129,19.061031213515164
1,130,21.807672744689153
1,131,23.58350623432893
1,132,21.89540300215444
1,133,18.976698426054618
1,134,24.5973320823164
1,135,22.022590614259023
1,136,8.870997252328928
1,137,21.29971765683483
1,138,19.29160202369601
1,139,19.83479062088616
1,140,22.366270805687623
1,141,21.397124516521384
1,142,20.05485078126526
1,143,19.69078841742984
1,144,26.23230368405212
1,145,20.79541232789437
1,146,18.977576925178212
1,147,20.38719109961348
1,148,23.098243848245694
1,149,10.0150013082285
2,0,23.518945733459105
2,1,25.982056975423735
2,2,27.55084830724115
2,3,23.51582537183493
2,4,26.650782612825534
2,5,27.041896819175726
2,6,25.174309783271767
2,7,22.708875836273112
2,8,26.49271352533259
2,9,22.167171630210913
2,10,15.096429728789023
2,11,24.48529178639809
2,12,27.00647882898272
2,13,22.197942225096426
2,14,27.188736257869348
2,15,23.380089679981662
2,16,23.70643638632441
2,17,23.43488642235366
2,18,23.92385941136899
2,19,20.461801457324228
2,20,22.78244111211721
2,21,18.995127016316
2,22,28.259085053571447
2,23,24.578224524288395
2,24,23.00127549955713
2,25,22.244717280449375
2,26,23.54274309958263
2,27,21.16908482593268
2,28,21.525070477918167
2,29,23.52061452485297
2,30,25.285339417504026
2,31,12.505586103373522
2,32,24.405911455775637
2,33,22.351941264403127
2,34,21.595359444736157
2,35,25.03275837169069
2,36,18.215802978844316
2,37,21.967692050262556
2,38,23.033944365879844
2,39,25.424411820000607
2,40,28.412514655164983
2,41,21.492158962313304
2,42,23.763401326857842
2,43,26.455853088210937
2,44,23.51377297763437
2,45,23.43068240854859
2,46,25.69245999435183
2,47,16.683551836479758
2,48,15.968330338181527
2,49,25.911230295956667
2,50,24.476216462301412
2,51,22.28988714318421
2,52,26.631401748701965
2,53,24.998005447839464
2,54,25.482961354722878
2,55,22.431183491727865
2,56,22.962641708905938
2,57,21.85574152730039
2,58,28.15122934007134
2,59,15.350626722588606
2,60,28.006702253625157
2,61,27.846444400149196
2,62,19.262337024055906
2,63,20.698429295668838
2,64,23.80311356440868
2,65,24.1892495129076
2,66,24.934378857172096
2,67,24.13613022393869
2,68,27.378661943527526
2,69,23.955205448215956
2,70,20.169397289638386
2,71,26.31290651434742
2,72,25.284333066839785
2,73,28.932266673002694
2,74,20.168027437830705
2,75,24.693362858593687
2,76,26.172583031888404
2,77,22.271688943677635
2,78,18.910996460782613
2,79,17.89908989451335
2,80,22.17038613993831
2,81,24.841575892105375
2,82,24.769277391568952
2,83,25.082482396491837
2,84,24.123187139035807
2,85,29.119483186586802
2,86,25.564438052212715
2,87,26.20751640013591
2,88,27.59925103254018
2,89,27.10828214595228
2,90,22.112216404103062
2,91,26.02789014550113
2,92,19.882465922999664
2,93,28.24226588055651
2,94,25.48595877270173
2,95,23.47096086964502
2,96,24.301690471420514
2,97,23.88438544853632
2,98,25.53335543425849
2,99,24.755503939290094
2,100,23.065498305337382
2,101,17.62713184815566
2,102,20.69525663507372
2,103,25.040377663927913
2,104,19.624336775396607
2,105,26.898360582518414
2,106,24.46344355472933
2,107,18.613184086938798
2,108,20.71925639033076
2,109,26.76245891287701
2,110,27.482757158591898
2,111,27.11186194202561
2,112,20.964445378551403
2,113,24.856198047971436
2,114,29.492083913874158
2,115,26.39636718030095
2,116,24.67464154439126
2,117,17.31748104250495
2,118,24.5610062290169
2,119,23.63524706513293
2,120,22.016764611928693
2,121,22.148783370602295
2,122,26.55614130036166
2,123,22.68796589066893
2,124,23.749235084071834
2,125,22.964639079580124
2,126,25.68046004545278
2,127,16.324403526458145
2,128,24.071338784250198
2,129,25.65123639286743
2,130,24.169183702823343
2,131,22.95205765663487
2,132,23.50490400285437
2,133,25.456272375630828
2,134,21.744661778303204
2,135,20.163546014772002
2,136,23.310956215064625
2,137,24.072338002504114
2,138,21.532245987347547
2,139,19.686931244639304
2,140,27.34362946666585
2,141,25.007151689527372
2,142,23.47572283461938
2,143,20.663780704066852
2,144,27.49187283864159
2,145,24.828695809700875
2,146,27.89042511531948
2,147,29.234680159980083
2,148,22.002302461933745
2,149,28.14709169609769
4,0,26.12940186283995
4,1,25.27126376928682
4,2,30.880968753982586
4,3,29.502760443199616
4,4,25.732903658135996
4,5,29.823674366410017
4,6,26.891281332619705
4,7,28.60907073914681
4,8,28.868087118454827
4,9,26.855564778433745
4,10,31.359371755694447
4,11,30.440416419206805
4,12,25.6177827710703
4,13,25.71387575433911
4,14,25.56525002855558
4,15,29.247712679027718
4,16,22.474434143223522
4,17,27.164900883712345
4,18,27.307843368152128
4,19,29.95339488580071
4,20,29.577615124517067
4,21,28.146013151776252
4,22,27.273742641634982
4,23,27.116727930081236
4,24,29.782111332407105
4,25,27.336638174608186
4,26,24.51191605501022
4,27,24.123192377792137
4,28,25.773617907041448
4,29,24.132810507219858
4,30,28.7251268150196
4,31,26.912830408711645
4,32,23.880759851521024
4,33,26.4849669129082
4,34,25.154548442952713
4,35,32.47958775073768
4,36,27.397209499767726
4,37,25.39294214212098
4,38,25.5942812716532
4,39,29.34409779379483
4,40,27.047862601905052
4,41,29.462789884647293
4,42,30.528948211827267
4,43,26.623105522553065
4,44,29.547660075626176
4,45,30.392352117204215
4,46,28.045733404054168
4,47,27.21363308105349
4,48,30.707651249194846
4,49,28.38103772269832
4,50,30.320032136358154
4,51,24.47141613306181
4,52,28.88602375521868
4,53,33.33603992227326
4,54,29.88132983953095
4,55,29.181979561593824
4,56,24.20164513097683
4,57,26.311198443788776
4,58,24.811134424657677
4,59,22.500226684644826
4,60,27.694702387702606
4,61,21.19183707701118
4,62,25.778506872871322
4,63,32.634430032878605
4,64,28.38500067443364
4,65,28.061803168849995
4,66,21.726359367226408
4,67,29.252518389343074
4,68,29.3815827363954
4,69,28.845350536214255
4,70,28.37003486144075
4,71,29.35241926865728
4,72,26.34982762353267
4,73,28.616808850558552
4,74,26.879034737944092
4,75,29.298565441706096
4,76,26.969207570569377
4,77,25.692056637094886
4,78,28.513279072356145
4,79,28.669366812817525
4,80,26.890745367239987
4,81,29.982668273443338
4,82,27.952644957683532
4,83,25.77735448758528
4,84,29.374616656320523
4,85,34.07901321985337
4,86,24.10377409216006
4,87,24.7706323739505
4,88,21.342956772569394
4,89,23.61368288757314
4,90,28.53429564935447
4,91,27.216043827737202
4,92,32.11559056755683
4,93,26.30087039629461
4,94,28.871300981169227
4,95,28.755502235907986
4,96,34.65807291857523
4,97,28.81258974625985
4,98,27.616751618484603
4,99,29.229519041928796
4,100,20.151763392635015
4,101,26.41871783607601
4,102,26.064408634018797
4,103,27.52459037559483
4,104,24.542514201869377
4,105,27.958903481338353
4,106,25.47547999464714
4,107,25.369929292541315
4,108,27.518582872978417
4,109,30.29628438681298
4,110,28.09438104209289
4,111,29.72792812905773
4,112,23.07635088452017
4,113,28.706441339129462
4,114,29.783870121721982
4,115,26.411799120376056
4,116,25.6854768183331
4,117,27.20226120265106
4,118,27.944773294523184
4,119,25.25310329685288
4,120,30.574165429483564
4,121,25.178032991853133
4,122,24.784938836338643
4,123,27.31051144273428
4,124,30.324665980647584
4,125,30.327776981971425
4,126,28.221905466649098
4,127,27.91205408580957
4,128,29.322807257340813
4,129,27.49576548580124
4,130,25.385042030654695
4,131,21.644188758817414
4,132,30.272141324544723
4,133,30.896138662733698
4,134,31.31803505471254
4,135,22.73876908243615
4,136,29.424281226480577
4,137,24.222534139968985
4,138,29.520703813773636
4,139,27.41669606153673
4,140,26.068373630345757
4,141,28.92054778156565
4,142,26.333506684991367
4,143,28.889914959256508
4,144,29.05370642737737
4,145,27.26186930766017
4,146,25.437896581211177
4,147,24.45905609788141
4,148,24.14660086083282
4,149,29.326865503879603
6,0,27.074071386159126
6,1,29.303517121755924
6,2,26.21072737819526
6,3,29.34439634811168
6,4,29.767346579491598
6,5,29.88377216776582
6,6,30.338387389474935
6,7,29.83631697867648
6,8,27.214826678681394
6,9,26.250322134691874
6,10,25.160397079984428
6,11,32.37547244359372
6,12,25.048318995710712
6,13,30.430419540279246
6,14,22.76709502877921
6,15,34.3255013765369
6,16,28.34445863458211
6,17,28.79342341015259
6,18,29.816225025182924
6,19,25.59475389825244
6,20,26.74625065622895
6,21,30.310655918610493
6,22,27.017026137565562
6,23,32.46270101150451
6,24,27.194620819004893
6,25,28.93375595092192
6,26,26.711654041900985
6,27,31.173979796798402
6,28,24.05033352783776
6,29,29.34195082386263
6,30,31.648724009618004
6,31,26.813303474534464
6,32,27.479164085471766
6,33,28.014308813906936
6,34,33.789658761911745
6,35,31.670040210141927
6,36,29.22963868789375
6,37,26.821475126160095
6,38,29.2544353965949
6,39,27.862730561390237
6,40,29.285407105018184
6,41,27.312150319663488
6,42,32.72039829414402
6,43,32.26083754322308
6,44,26.93347167878894
6,45,26.552976491512275
6,46,29.35587228639082
6,47,29.46659130490029
6,48,27.988494098504674
6,49,30.45880048195441
6,50,27.929094691004057
6,51,29.539173358508904
6,52,28.40494117756582
6,53,31.60359705191368
6,54,28.201371244149982
6,55,29.815601364836343
6,56,30.75633018496396
6,57,29.448598128896347
6,58,31.721352342355154
6,59,27.30358717869443
6,60,30.330781060355285
6,61,29.09075567277403
6,62,27.79853861735365
6,63,27.072936948604724
6,64,24.871875257097678
6,65,34.658510601321225
6,66,28.032724738055496
6,67,30.364284200827964
6,68,31.175551402557673
6,69,25.830526349715225
6,70,28.44540962018621
6,71,31.557256616616645
6,72,27.30529816061474
6,73,28.053405584914486
6,74,25.29014309836087
6,75,32.304713241710346
6,76,24.00460282779714
6,77,30.16759031318103
6,78,29.785449780855995
6,79,25.297883402664507
6,80,25.616098662471767
6,81,29.314928653071316
6,82,29.602433256740703
6,83,29.654444003486024
6,84,29.088085848948037
6,85,28.09599023840027
6,86,27.92357195818478
6,87,25.745859074362226
6,88,33.24747575747371
6,89,27.888290676949612
6,90,25.328554201401932
6,91,30.554437882735456
6,92,28.694483494227903
6,93,24.62325169817104
6,94,26.623952849592477
6,95,28.293477426700484
6,96,28.990675840831923
6,97,24.246177102920484
6,98,29.113772401044255
6,99,30.012700576072643
6,100,27.016682935994364
6,101,30.224539763675644
6,102,24.655048298038793
6,103,28.094897476119463
6,104,29.780699055764675
6,105,29.3911853709266
6,106,26.051918089135697
6,107,27.22246115871384
6,108,29.169183921698085
6,109,27.499306836084262
6,110,29.57116289231682
6,111,25.168481723350883
6,112,27.262208937285926
6,113,27.331957036865326
6,114,25.576279441944408
6,115,29.432714137981236
6,116,27.61140471149826
6,117,28.972605679733714
6,118,22.639191897985835
6,119,27.989710577937963
6,120,25.370993115830274
6,121,28.997390794433198
6,122,30.017182082269727
6,123,26.331394745899015
6,124,31.593206575250445
6,125,26.380362017082568
6,126,27.453951949556988
6,127,29.798429044706904
6,128,28.318422253266004
6,129,26.188361167206363
6,130,25.49636968630431
6,131,30.558092931280903
6,132,27.12935920668296
6,133,25.451431067429837
6,134,27.6667731409019
6,135,33.37206863300594
6,136,27.378376503887964
6,137,29.363384804694768
6,138,30.149327010379228
6,139,27.74828455812838
6,140,28.80212766182127
6,141,31.69301753964025
6,142,27.406174021433376
6,143,28.936131710084698
6,144,26.91042756964944
6,145,30.687316662718096
6,146,28.424645433758172
6,147,30.064162066334237
6,148,30.66695369989049
6,149,33.44624644377859
8,0,28.567469228618876
8,1,26.454770107387393
8,2,28.582282574245458
8,3,28.751261482202743
8,4,30.899119373699616
8,5,28.949464146893572
8,6,30.11586323957733
8,7,23.264972907048865
8,8,26.626081978506896
8,9,26.11396031009152
8,10,28.675589201664337
8,11,25.70354936871027
8,12,27.137031793652294
8,13,24.90734840726035
8,14,25.366612156634652
8,15,28.808666304554453
8,16,26.488462962585857
8,17,24.924369350468012
8,18,26.52870243578485
8,19,28.36685938413522
8,20,28.069408281504113
8,21,30.499586695000772
8,22,28.967895049303305
8,23,27.763518318014082
8,24,25.549237832391643
8,25,31.531139682948538
8,26,28.441344305867734
8,27,27.950858683174943
8,28,29.490386728414475
8,29,26.05320647494771
8,30,29.600807935862296
8,31,36.10922813231436
8,32,28.22061226218785
8,33,29.091509127929672
8,34,30.06443495466949
8,35,33.01960181503769
8,36,26.215301177021832
8,37,25.26889530333359
8,38,27.685204954168785
8,39,25.940357328419687
8,40,30.561059220575864
8,41,27.531495097232806
8,42,27.897930311982424
8,43,29.089960440580228
8,44,27.595570067635556
8,45,34.72171442571607
8,46,31.113724527160016
8,47,32.52273501324378
8,48,25.71400195463421
8,49,32.68836134373983
8,50,29.151223065471434
8,51,27.244169013296233
8,52,27.486153793165364
8,53,27.419723755009763
8,54,31.26519126775069
8,55,29.847935885453925
8,56,27.901429897377522
8,57,30.247155569364786
8,58,27.96888250253059
8,59,31.297929716396755
8,60,28.37847994490428
8,61,26.46670575535301
8,62,27.125542734030308
8,63,32.17607234330325
8,64,31.21389286173123
8,65,31.20202790986003
8,66,28.78314629515846
8,67,29.404454348543396
8,68,31.879122993350446
8,69,27.91404108541776
8,70,30.10126546856213
8,71,27.36703027577111
8,72,27.86430851096566
8,73,30.18504548197051
8,74,29.822794005914844
8,75,24.533025899531143
8,76,29.636198726223025
8,77,30.37591906454106
8,78,28.52416823731565
8,79,28.973353773386215
8,80,32.318651608592255
8,81,25.714441805419902
8,82,27.305492509954522
8,83,25.035918182566046
8,84,27.305581117083538
8,85,26.580764475437384
8,86,29.180057460977064
8,87,31.657830138300756
8,88,26.071174766835096
8,89,30.709771673717317
8,90,27.424597402714287
8,91,28.943085165087023
8,92,26.369389660240383
8,93,30.28449815822832
8,94,26.736343463110924
8,95,28.85285787282423
8,96,30.645756290577864
8,97,27.919667348607287
8,98,32.320624215087605
8,99,29.820587547867145
8,100,25.72699419311948
8,101,32.02755252727896
8,102,31.798118771645516
8,103,30.50925204254203
8,104,33.9077311788335
8,105,26.66266758102259
8,106,27.6644519093888
8,107,30.132771050417595
8,108,33.30294266896234
8,109,25.61604772655292
8,110,32.291891595444014
8,111,30.770858258310103
8,112,31.981881007386367
8,113,28.705338732550683
8,114,29.04270999347408
8,115,27.661368251887865
8,116,27.259450121498475
8,117,30.904754867536923
8,118,31.26370734193849
8,119,28.992195105950447
8,120,30.144747407807657
8,121,33.27756795983164
8,122,24.541426077260844
8,123,31.268246830718272
8,124,30.49651982544153
8,125,28.745715182751873
8,126,26.016055325940236
8,127,33.95629424904306
8,128,32.23813500667092
8,129,28.626279756014792
8,130,33.87862049309572
8,131,29.47749881356742
8,132,29.09285599351474
8,133,28.056007138678297
8,134,27.758483076930553
8,135,31.15305257164861
8,136,28.1107755259385
8,137,27.72590234958574
8,138,28.543129627829572
8,139,26.340478305490294
8,140,27.025721192167286
8,141,24.988291608951357
8,142,31.281195088428703
8,143,31.380569747377564
8,144,26.27121607023111
8,145,28.128251065512433
8,146,27.577349917708617
8,147,28.36978134272138
8,148,27.869614663010303
8,149,29.35022633167851
