case,variant,stage,loss,pitch_mae_cents,onset_mae_ms,joint_event_error,relative_waveform_l2,best_update,updates,wall_seconds
C04-T0005,clockwise,baseline,0.007878666817394341,5.480766835670544,70.45211720252247,0.04479452204686473,1.3175469055562834,2315,2400,148.60604813322425
C04-T0005,clockwise,exploration_endpoint,0.0014897342382173438,2.2964813122876526,2.0973738116855656,0.0019199652611371013,1.110207075393391,2315,2400,148.60604813322425
C04-T0005,clockwise,last,2.3273814516560345e-05,0.03260053694823324,0.01564555954280955,1.7607143756127732e-05,0.02813184539977016,2315,2400,148.60604813322425
C04-T0005,clockwise,final,9.824488032667268e-06,0.03498937979593724,0.0031503088319118078,1.4972430977918973e-05,0.00934170223178579,2315,2400,148.60604813322425
C04-T0005,uniform_eight,baseline,0.007878666817394341,5.480766835670544,70.45211720252247,0.04479452204686473,1.3175469055562834,2302,2400,138.00241135805845
C04-T0005,uniform_eight,exploration_endpoint,0.0006617060354404843,0.8310540900687582,0.8526509368830815,0.0007041665495406017,1.171153237233727,2302,2400,138.00241135805845
C04-T0005,uniform_eight,last,3.702463987051703e-05,0.051010740489619205,0.022629753118230678,2.6090986798585326e-05,0.04485363566865996,2302,2400,138.00241135805845
C04-T0005,uniform_eight,final,1.2802176188224599e-05,0.04087144003805439,0.008001085959052912,2.0998710605632227e-05,0.01856209385728683,2302,2400,138.00241135805845
C04-T0005,diagonal_control,baseline,0.007878666817394341,5.480766835670544,70.45211720252247,0.04479452204686473,1.3175469055562834,0,2400,131.77954986318946
C04-T0005,diagonal_control,exploration_endpoint,0.008240823919529423,13.318546708747965,71.20165415362001,0.045935826067009404,1.4494523627391596,0,2400,131.77954986318946
C04-T0005,diagonal_control,last,0.008001477036204381,6.34030409855515,72.77946400725865,0.0467155554404593,1.2891046880883978,0,2400,131.77954986318946
C04-T0005,diagonal_control,final,0.007878666817394341,5.480766835670544,70.45211720252247,0.04479452204686473,1.3175469055562834,0,2400,131.77954986318946
C04-T0003,clockwise,baseline,0.019242356079101398,42.87494861570954,101.27117801165825,0.07156228934341959,1.1919691840548834,2253,2400,140.32476911321282
C04-T0003,clockwise,exploration_endpoint,0.0027993561260129672,2.7282925070745967,2.291073755434178,0.00206971415365776,1.3409354801854678,2253,2400,140.32476911321282
C04-T0003,clockwise,last,7.45395217370523e-05,0.09154717818599492,0.031131566249405218,4.900677494231675e-05,0.08259719022419068,2253,2400,140.32476911321282
C04-T0003,clockwise,final,1.681979971601748e-05,0.02995828459196381,0.007654382964010498,1.3579975802233997e-05,0.022031896083522903,2253,2400,140.32476911321282
C04-T0003,uniform_eight,baseline,0.019242356079101398,42.87494861570954,101.27117801165825,0.07156228934341959,1.1919691840548834,0,2400,124.66621462069452
C04-T0003,uniform_eight,exploration_endpoint,0.020516867956422852,70.79187119921376,94.13993772100336,0.07028532700284353,1.423515255284973,0,2400,124.66621462069452
C04-T0003,uniform_eight,last,0.019522594591442278,56.17302696220247,96.78521199590611,0.07096285150293355,1.2940623037127261,0,2400,124.66621462069452
C04-T0003,uniform_eight,final,0.019242356079101398,42.87494861570954,101.27117801165825,0.07156228934341959,1.1919691840548834,0,2400,124.66621462069452
C04-T0003,diagonal_control,baseline,0.019242356079101398,42.87494861570954,101.27117801165825,0.07156228934341959,1.1919691840548834,0,2400,120.64733658358455
C04-T0003,diagonal_control,exploration_endpoint,0.019965336037045086,62.82626200238532,93.51379692706413,0.07033854140290197,1.2741430589171279,0,2400,120.64733658358455
C04-T0003,diagonal_control,last,0.019538291863063252,53.89442995639124,97.48320242145954,0.07120037041581663,1.335199661075206,0,2400,120.64733658358455
C04-T0003,diagonal_control,final,0.019242356079101398,42.87494861570954,101.27117801165825,0.07156228934341959,1.1919691840548834,0,2400,120.64733658358455
C04-T0007,clockwise,baseline,0.012872643143505866,489.88686955675024,216.16919850109645,0.2501559292957461,1.2975306355681235,0,2400,165.5842852257192
C04-T0007,clockwise,exploration_endpoint,0.022869906976215815,602.7456846006288,179.4176330814673,0.27734230793704195,1.4664421187261372,0,2400,165.5842852257192
C04-T0007,clockwise,last,0.021764759252024302,93.24803131778715,364.17747697017364,0.2464714863703836,1.487962806785751,0,2400,165.5842852257192
C04-T0007,clockwise,final,0.012872643143505866,489.88686955675024,216.16919850109645,0.2501559292957461,1.2975306355681235,0,2400,165.5842852257192
C04-T0007,uniform_eight,baseline,0.012872643143505866,489.88686955675024,216.16919850109645,0.2501559292957461,1.2975306355681235,0,2400,154.6785804964602
C04-T0007,uniform_eight,exploration_endpoint,0.01765549562356002,516.8013016102973,212.90883116132983,0.2570414509130135,1.3641214286180992,0,2400,154.6785804964602
C04-T0007,uniform_eight,last,0.022430592305243136,328.69092862346923,292.98671231487526,0.23118433430456126,1.2945455942818669,0,2400,154.6785804964602
C04-T0007,uniform_eight,final,0.012872643143505866,489.88686955675024,216.16919850109645,0.2501559292957461,1.2975306355681235,0,2400,154.6785804964602
C04-T0007,diagonal_control,baseline,0.012872643143505866,489.88686955675024,216.16919850109645,0.2501559292957461,1.2975306355681235,0,2400,145.30819346755743
C04-T0007,diagonal_control,exploration_endpoint,0.017633298550637822,354.4982206839054,266.1638972872872,0.22484419256066557,1.5814444926233553,0,2400,145.30819346755743
C04-T0007,diagonal_control,last,0.02444301834293832,322.169441420475,324.4764488532327,0.2466731674837933,1.3938595157638354,0,2400,145.30819346755743
C04-T0007,diagonal_control,final,0.012872643143505866,489.88686955675024,216.16919850109645,0.2501559292957461,1.2975306355681235,0,2400,145.30819346755743
C06-T0000,clockwise,baseline,0.00724561023274041,201.53909691752438,121.81740032519474,0.11444481649721973,1.0169028010223014,2032,2400,192.65277507901192
C06-T0000,clockwise,exploration_endpoint,0.007619210189912884,95.71083729378053,19.377673483495247,0.04559111746231911,1.4169155918759844,2032,2400,192.65277507901192
C06-T0000,clockwise,last,0.0017697544284649765,6.789945868633384,45.48020926512371,0.030155322089628688,0.5268845818301569,2032,2400,192.65277507901192
C06-T0000,clockwise,final,0.001765775968941118,6.860958226816756,45.58894779205176,0.030262417279403073,0.5367172216804839,2032,2400,192.65277507901192
C06-T0000,uniform_eight,baseline,0.00724561023274041,201.53909691752438,121.81740032519474,0.11444481649721973,1.0169028010223014,2082,2400,181.76813312247396
C06-T0000,uniform_eight,exploration_endpoint,0.007541113566428209,111.2777052789667,77.32302935205334,0.067898800563658,1.1629925236731151,2082,2400,181.76813312247396
C06-T0000,uniform_eight,last,0.0072672710119495625,29.04216034349597,78.2621557057462,0.053363453537651595,1.2818225881392242,2082,2400,181.76813312247396
C06-T0000,uniform_eight,final,0.00697318154902263,40.99539657639058,76.37463463402905,0.05335998689164879,1.1575304416114478,2082,2400,181.76813312247396
C06-T0000,diagonal_control,baseline,0.00724561023274041,201.53909691752438,121.81740032519474,0.11444481649721973,1.0169028010223014,0,2400,172.55909204110503
C06-T0000,diagonal_control,exploration_endpoint,0.0075642935211357966,193.65215167942327,124.92341102089752,0.11269717959293414,1.2773855430633925,0,2400,172.55909204110503
C06-T0000,diagonal_control,last,0.011147240920421015,205.5291254590335,92.22115235310629,0.11182138969627843,1.263464232440168,0,2400,172.55909204110503
C06-T0000,diagonal_control,final,0.00724561023274041,201.53909691752438,121.81740032519474,0.11444481649721973,1.0169028010223014,0,2400,172.55909204110503
C06-T0008,clockwise,baseline,0.015575770851020423,310.8598838027,216.15059496405954,0.20050780497219875,1.3315058271335294,0,2400,158.74000170081854
C06-T0008,clockwise,exploration_endpoint,0.0240016271896182,367.959979970029,213.66568959647165,0.2294961799518457,1.3798150235507067,0,2400,158.74000170081854
C06-T0008,clockwise,last,0.023324430946812517,211.36441092838345,284.4727042578896,0.22197190742900108,1.425729533142597,0,2400,158.74000170081854
C06-T0008,clockwise,final,0.015575770851020423,310.8598838027,216.15059496405954,0.20050780497219875,1.3315058271335294,0,2400,158.74000170081854
C06-T0008,uniform_eight,baseline,0.015575770851020423,310.8598838027,216.15059496405954,0.20050780497219875,1.3315058271335294,0,2400,150.30996982753277
C06-T0008,uniform_eight,exploration_endpoint,0.02887838144192985,339.62009618954283,213.98948437291014,0.21249451957262008,1.555974083355785,0,2400,150.30996982753277
C06-T0008,uniform_eight,last,0.023152265085832815,183.87957838144828,242.40355792085177,0.18957058856065082,1.4412403850961042,0,2400,150.30996982753277
C06-T0008,uniform_eight,final,0.015575770851020423,310.8598838027,216.15059496405954,0.20050780497219875,1.3315058271335294,0,2400,150.30996982753277
C06-T0008,diagonal_control,baseline,0.015575770851020423,310.8598838027,216.15059496405954,0.20050780497219875,1.3315058271335294,0,2400,143.9048189073801
C06-T0008,diagonal_control,exploration_endpoint,0.02080598965339642,416.77526945898995,268.7702143013394,0.2560508492143681,1.4889272979406636,0,2400,143.9048189073801
C06-T0008,diagonal_control,last,0.022510473553844723,419.3172982956825,289.8868156720241,0.2702759591868447,1.399570581696217,0,2400,143.9048189073801
C06-T0008,diagonal_control,final,0.015575770851020423,310.8598838027,216.15059496405954,0.20050780497219875,1.3315058271335294,0,2400,143.9048189073801
C08-T0000,clockwise,baseline,0.007360697347433053,15.798138627157433,48.29996216552407,0.033943068273245856,1.4799508508056884,1127,2400,162.92181679606438
C08-T0000,clockwise,exploration_endpoint,0.04005874437278021,171.79361483007688,136.59827742689606,0.13166245846838698,1.3980553428256237,1127,2400,162.92181679606438
C08-T0000,clockwise,last,0.017662521630137866,255.43738849044382,130.30679963741954,0.1435480534479408,1.445569382249658,1127,2400,162.92181679606438
C08-T0000,clockwise,final,0.0003531089368453001,1.4726031022766204,0.33415557411595187,0.0006957439205812626,0.5371000019014779,1127,2400,162.92181679606438
C08-T0000,uniform_eight,baseline,0.007360697347433053,15.798138627157433,48.29996216552407,0.033943068273245856,1.4799508508056884,467,2400,154.1672708131373
C08-T0000,uniform_eight,exploration_endpoint,0.044897140059490706,216.52848382562928,171.3003730409806,0.1585738305294312,1.4389650886260423,467,2400,154.1672708131373
C08-T0000,uniform_eight,last,0.008194895932965044,107.88256293140552,72.602106642542,0.06906936762010073,1.1850879617427812,467,2400,154.1672708131373
C08-T0000,uniform_eight,final,0.005016214281344222,42.19835110218018,33.82259760309131,0.03486226305456852,1.4708124289495386,467,2400,154.1672708131373
C08-T0000,diagonal_control,baseline,0.007360697347433053,15.798138627157433,48.29996216552407,0.033943068273245856,1.4799508508056884,2138,2400,147.04633078724146
C08-T0000,diagonal_control,exploration_endpoint,0.007466793020053375,11.032671057118794,50.2051250323795,0.03419956424299401,1.2455267081516657,2138,2400,147.04633078724146
C08-T0000,diagonal_control,last,0.007302880141734341,10.041919317998556,49.816673618032354,0.03297455764459394,1.2666261980857416,2138,2400,147.04633078724146
C08-T0000,diagonal_control,final,0.007294686098596127,13.232285930894546,49.63672549582171,0.03334820535965675,1.184253205519706,2138,2400,147.04633078724146
C08-T0004,clockwise,baseline,0.016220893697117093,178.12344793934273,159.582511119701,0.14082152045165697,1.3641740095874635,0,2400,162.42549841105938
C08-T0004,clockwise,exploration_endpoint,0.03260350636444171,386.4272520781235,277.65777686024296,0.27957865962239986,1.3113878882834367,0,2400,162.42549841105938
C08-T0004,clockwise,last,0.02571912540790266,364.766437936162,309.7837091305293,0.2917100277520786,1.4955846383708076,0,2400,162.42549841105938
C08-T0004,clockwise,final,0.016220893697117093,178.12344793934273,159.582511119701,0.14082152045165697,1.3641740095874635,0,2400,162.42549841105938
C08-T0004,uniform_eight,baseline,0.016220893697117093,178.12344793934273,159.582511119701,0.14082152045165697,1.3641740095874635,286,2400,156.79982652887702
C08-T0004,uniform_eight,exploration_endpoint,0.019551785765989045,320.6430072802307,192.1711608544422,0.19992983079415647,1.3180558305432417,286,2400,156.79982652887702
C08-T0004,uniform_eight,last,0.0190444130066841,154.36316124733867,205.08055953585372,0.16895439026389697,1.3935527828081904,286,2400,156.79982652887702
C08-T0004,uniform_eight,final,0.016011908806342345,112.97857167667243,156.94821317427244,0.11350165681064844,1.2242847661574667,286,2400,156.79982652887702
C08-T0004,diagonal_control,baseline,0.016220893697117093,178.12344793934273,159.582511119701,0.14082152045165697,1.3641740095874635,1160,2400,150.51906522363424
C08-T0004,diagonal_control,exploration_endpoint,0.022629711447109586,238.80493403537832,240.93097668293913,0.19449500114181256,1.4328872373033175,1160,2400,150.51906522363424
C08-T0004,diagonal_control,last,0.023159109707523585,276.1697852472539,228.03231158923808,0.21783029606943083,1.4432550597314673,1160,2400,150.51906522363424
C08-T0004,diagonal_control,final,0.01371838291231342,184.55220615101672,140.38227025031594,0.12677040490419403,1.277874718992986,1160,2400,150.51906522363424
